관리코드,상품명,기준상품명,마켓카테고리,식품안전유형힌트,등급,규격,산지,포장,보관,norm_key
P132122110140,꿀고구마 / (비세척) 3kg / 한입 / 개당 20-50g,꿀고구마,채소,채소류,,3kg|50g,,,,꿀고구마
P122112391059,상주곶감 / 건시 / 실속형 / 500g x 1봉,상주곶감,견과/건과,견과류/건과류,상,500g|1봉,,실속형,,상주곶감
P122112391060,상주곶감 / 건시 / 실속형 / 500g x 2봉,상주곶감,견과/건과,견과류/건과류,상,500g|2봉,,실속형,,상주곶감
P122112391061,상주곶감 / 건시 / 실속형 / 500g x 3봉,상주곶감,견과/건과,견과류/건과류,상,500g|3봉,,실속형,,상주곶감
P122112391062,상주곶감 / 건시 / 실속형 / 500g x 4봉,상주곶감,견과/건과,견과류/건과류,상,500g|4봉,,실속형,,상주곶감
P122112391063,상주곶감 / 반건시 / 실속형 / 500g x 1팩,상주곶감,견과/건과,견과류/건과류,상,500g|1팩,,실속형,,상주곶감
P122112391064,상주곶감 / 반건시 / 실속형 / 500g x 2팩,상주곶감,견과/건과,견과류/건과류,상,500g|2팩,,실속형,,상주곶감
P122112391065,상주곶감 / 반건시 / 실속형 / 500g x 3팩,상주곶감,견과/건과,견과류/건과류,상,500g|3팩,,실속형,,상주곶감
P122112391066,상주곶감 / 반건시 / 실속형 / 500g x 4팩,상주곶감,견과/건과,견과류/건과류,상,500g|4팩,,실속형,,상주곶감
P122112391067,상주곶감 / 건시 / 선물용 / 1kg (20-24과),상주곶감,견과/건과,견과류/건과류,상,1kg|24과,,선물용,,상주곶감
P122112391068,상주곶감 / 건시 / 선물용 / 1.5kg (30-36과),상주곶감,견과/건과,견과류/건과류,상,1.5kg|36과,,선물용,,상주곶감
P122112391069,상주곶감 / 반건시 / 선물용 / 1kg (20과),상주곶감,견과/건과,견과류/건과류,상,1kg|20과,,선물용,,상주곶감
P122112391070,상주곶감 / 반건시 / 선물용 / 1.5kg (30과),상주곶감,견과/건과,견과류/건과류,상,1.5kg|30과,,선물용,,상주곶감
P142110741103,흑대추방울토마토 / 1kg / 혼합,흑대추방울토마토,과일,과일류,,1kg,,,,흑대추방울토마토
P142110741104,흑대추방울토마토 / 2kg / 혼합,흑대추방울토마토,과일,과일류,,2kg,,,,흑대추방울토마토
,[세트] 한우 1++ 등급 /차돌 / 200g / 3팩,[세트] 한우 1++ 등급,축산/계란,미분류,,200g|3팩,,팩,,세트한우1등급
,[세트] 한우 1++ 등급 /갈비살 200g + 차돌 200g + 삼각살 200g,[세트] 한우 1++ 등급,축산/계란,미분류,,200g|200g|200g,,,,세트한우1등급
,[세트] 한우 1++ 등급 /등심 200g + 차돌 200g + 삼각살 200g,[세트] 한우 1++ 등급,축산/계란,미분류,,200g|200g|200g,,,,세트한우1등급
,[세트] 한우 1++ 등급 / 등심 200g + 갈비살 200g + 차돌 200g,[세트] 한우 1++ 등급,축산/계란,미분류,,200g|200g|200g,,,,세트한우1등급
,[세트] 한우 1++ 등급 / 보섭살 / 200g / 3팩,[세트] 한우 1++ 등급,축산/계란,미분류,,200g|3팩,,팩,,세트한우1등급
,[세트] 한우 1++ 등급 / 등심 / 200g / 3팩,[세트] 한우 1++ 등급,축산/계란,미분류,,200g|3팩,,팩,,세트한우1등급
,[세트] 한우 1++ 등급 / 불고기 / 200g / 3팩,[세트] 한우 1++ 등급,축산/계란,미분류,,200g|3팩,,팩,,세트한우1등급
,[세트] 한우 1++ 등급 / 국거리 / 200g / 3팩,[세트] 한우 1++ 등급,축산/계란,미분류,,200g|3팩,,팩,,세트한우1등급
,육우 2-3등급 / 육우 2-3등급 대패등심 600g(200g*3팩),육우 2-3등급,축산/계란,미분류,,600g|200g|3팩,,팩,,육우23등급
,수입산 돈육 / 등갈비 600g 내외,수입산 돈육,미분류,미분류,,600g,수입산,,,수입산돈육
,[단품] 미국산 우삼겹 / 200g / 1팩,[단품] 미국산 우삼겹,축산/계란,미분류,,200g|1팩,미국산,팩,,단품미국산우삼겹
,[단품] 업진살 / 200g / 1팩,[단품] 업진살,미분류,미분류,,200g|1팩,,팩,,단품업진살
,스테비아 방울토마토 / 2kg,스테비아 방울토마토,과일,과일류,,2kg,,,,스테비아방울토마토
,스테비아 방울토마토 / 1.5kg / (750g*2팩),스테비아 방울토마토,과일,과일류,,1.5kg|750g|2팩,,팩,,스테비아방울토마토
,스테비아 방울토마토 / 1.5kg,스테비아 방울토마토,과일,과일류,,1.5kg,,,,스테비아방울토마토
,스테비아 방울토마토 / 1kg,스테비아 방울토마토,과일,과일류,,1kg,,,,스테비아방울토마토
,스테비아 방울토마토 / 750g,스테비아 방울토마토,과일,과일류,,750g,,,,스테비아방울토마토
,스테비아 방울토마토 / 500g,스테비아 방울토마토,과일,과일류,,500g,,,,스테비아방울토마토
,대추방울토마토 / 750g x 1팩,대추방울토마토,과일,과일류,,750g|1팩,,팩,,대추방울토마토
,대추방울토마토 / 1kg,대추방울토마토,과일,과일류,,1kg,,,,대추방울토마토
,대추방울토마토 / 750g x 2팩,대추방울토마토,과일,과일류,,750g|2팩,,팩,,대추방울토마토
,대추방울토마토 / 2kg,대추방울토마토,과일,과일류,,2kg,,,,대추방울토마토
P312153742188,흙당근 / 쥬스용 / 5kg(박스포함) / 혼합,흙당근,채소,과채가공품,,5kg,,박스,,흙당근
P312153742189,흙당근 / 쥬스용 / 10kg(박스포함) / 혼합,흙당근,채소,과채가공품,,10kg,,박스,,흙당근
P071184162192,볶음땅콩 / (무배) 일반땅콩 / 400g,볶음땅콩,과일,과일류,,400g,,,,볶음땅콩
P071184162193,볶음땅콩 / (무배) 레드땅콩 / 400g,볶음땅콩,과일,과일류,,400g,,,,볶음땅콩
,급냉 산딸기 / 500g * 1봉,급냉 산딸기,과일,과일류,,500g|1봉,,봉,,급냉산딸기
,급냉 산딸기 / 500g * 2봉,급냉 산딸기,과일,과일류,,500g|2봉,,봉,,급냉산딸기
,급냉 산딸기 / 500g * 3봉,급냉 산딸기,과일,과일류,,500g|3봉,,봉,,급냉산딸기
,급냉 산딸기 / 500g * 4봉,급냉 산딸기,과일,과일류,,500g|4봉,,봉,,급냉산딸기
,손질깐냉동초당옥수수 / 5cm 이상 / 10입,손질깐냉동초당옥수수,쌀/잡곡,신선편의식품,상,10입,,,냉동,손질깐냉동초당옥수수
,손질깐냉동초당옥수수 / 5cm 이상 / 20입,손질깐냉동초당옥수수,쌀/잡곡,신선편의식품,상,20입,,,냉동,손질깐냉동초당옥수수
,손질깐냉동초당옥수수 / 5cm 이상 / 30입,손질깐냉동초당옥수수,쌀/잡곡,신선편의식품,상,30입,,,냉동,손질깐냉동초당옥수수
,손질깐냉동초당옥수수 / 9cm 이상 / 10입,손질깐냉동초당옥수수,쌀/잡곡,신선편의식품,상,10입,,,냉동,손질깐냉동초당옥수수
,손질깐냉동초당옥수수 / 9cm 이상 / 20입,손질깐냉동초당옥수수,쌀/잡곡,신선편의식품,상,20입,,,냉동,손질깐냉동초당옥수수
,손질깐냉동초당옥수수 / 9cm 이상 / 30입,손질깐냉동초당옥수수,쌀/잡곡,신선편의식품,상,30입,,,냉동,손질깐냉동초당옥수수
,손질깐냉동초당옥수수 / 12cm 이상 / 10입,손질깐냉동초당옥수수,쌀/잡곡,신선편의식품,상,10입,,,냉동,손질깐냉동초당옥수수
,손질깐냉동초당옥수수 / 12cm 이상 / 20입,손질깐냉동초당옥수수,쌀/잡곡,신선편의식품,상,20입,,,냉동,손질깐냉동초당옥수수
,손질깐냉동초당옥수수 / 12cm 이상 / 30입,손질깐냉동초당옥수수,쌀/잡곡,신선편의식품,상,30입,,,냉동,손질깐냉동초당옥수수
,손질깐냉동초당옥수수 / 14cm 이상 / 10입,손질깐냉동초당옥수수,쌀/잡곡,신선편의식품,상,10입,,,냉동,손질깐냉동초당옥수수
,손질깐냉동초당옥수수 / 14cm 이상 / 20입,손질깐냉동초당옥수수,쌀/잡곡,신선편의식품,상,20입,,,냉동,손질깐냉동초당옥수수
,손질깐냉동초당옥수수 / 14cm 이상 / 30입,손질깐냉동초당옥수수,쌀/잡곡,신선편의식품,상,30입,,,냉동,손질깐냉동초당옥수수
,설봉감자 / 1.5kg / 대 / 60-120g 내외 / 찜용,설봉감자,채소,채소류,,1.5kg|120g,,봉,,설봉감자
,설봉감자 / 1.5kg / 특 / 120-250g 내외 / 찜용+조리용,설봉감자,채소,채소류,특,1.5kg|250g,,봉,,설봉감자
,설봉감자 / 3kg / 대 / 60-120g 내외 / 찜용,설봉감자,채소,채소류,,3kg|120g,,봉,,설봉감자
,설봉감자 / 3kg / 특 / 120-250g 내외 / 찜용+조리용,설봉감자,채소,채소류,특,3kg|250g,,봉,,설봉감자
,설봉감자 / 5kg / 대 / 60-120g 내외 / 찜용,설봉감자,채소,채소류,,5kg|120g,,봉,,설봉감자
,설봉감자 / 5kg / 특 / 120-250g 내외 / 찜용+조리용,설봉감자,채소,채소류,특,5kg|250g,,봉,,설봉감자
,밤고구마 / (비세척) 3kg / 한입 / 개당 20-50g,밤고구마,채소,채소류,,3kg|50g,,,,밤고구마
,밤고구마 / (비세척) 3kg / 중 / 개당 50-100g,밤고구마,채소,채소류,중,3kg|100g,,,,밤고구마
,밤고구마 / (비세척) 3kg / 특상 / 개당 100-300g,밤고구마,채소,채소류,특상,3kg|300g,,,,밤고구마
,밤고구마 / (비세척) 3kg / 대 / 개당 300g 이상,밤고구마,채소,채소류,상,3kg|300g,,,,밤고구마
,밤고구마 / (비세척) 5kg / 한입 / 개당 20-50g,밤고구마,채소,채소류,,5kg|50g,,,,밤고구마
,밤고구마 / (비세척) 5kg / 중 / 개당 50-100g,밤고구마,채소,채소류,중,5kg|100g,,,,밤고구마
,밤고구마 / (비세척) 5kg / 특상 / 개당 100-300g,밤고구마,채소,채소류,특상,5kg|300g,,,,밤고구마
,밤고구마 / (비세척) 5kg / 대 / 개당 300g 이상,밤고구마,채소,채소류,상,5kg|300g,,,,밤고구마
,밤고구마 / (비세척) 10kg / 한입 / 개당 20-50g,밤고구마,채소,채소류,,10kg|50g,,,,밤고구마
,밤고구마 / (비세척) 10kg / 중 / 개당 50-100g,밤고구마,채소,채소류,중,10kg|100g,,,,밤고구마
,밤고구마 / (비세척) 10kg / 특상 / 개당 100-300g,밤고구마,채소,채소류,특상,10kg|300g,,,,밤고구마
,밤고구마 / (비세척) 10kg / 대 / 개당 300g 이상,밤고구마,채소,채소류,상,10kg|300g,,,,밤고구마
,명품나주배선물세트5kg(8-10과),명품나주배선물세트5kg(8-10과),과일,과일류,,10과,,,,명품나주배선물세트5kg810과
,명품나주배선물세트5kg(5-7과),명품나주배선물세트5kg(5-7과),과일,과일류,,7과,,,,명품나주배선물세트5kg57과
,명품나주배선물세트7.5kg(11-12과),명품나주배선물세트7.5kg(11-12과),과일,과일류,,5kg|12과,,,,명품나주배선물세트75kg1112과
,손질 맷돌늙은호박 / 1kg / 혼합,손질 맷돌늙은호박,미분류,신선편의식품,,1kg,,,,손질맷돌늙은호박
,손질 맷돌늙은호박 / 2kg / 혼합,손질 맷돌늙은호박,미분류,신선편의식품,,2kg,,,,손질맷돌늙은호박
,손질 맷돌늙은호박 / 3kg / 혼합,손질 맷돌늙은호박,미분류,신선편의식품,,3kg,,,,손질맷돌늙은호박
,손질 맷돌늙은호박 / 4kg / 혼합,손질 맷돌늙은호박,미분류,신선편의식품,,4kg,,,,손질맷돌늙은호박
,손질 맷돌늙은호박 / 5kg / 혼합,손질 맷돌늙은호박,미분류,신선편의식품,,5kg,,,,손질맷돌늙은호박
,가정용 배 / 3kg / 중소과 / 7-9과,가정용 배,과일,과일류,가정용,3kg|9과,,,,가정용배
,가정용 배 / 3kg / 중대과 / 5-6과,가정용 배,과일,과일류,가정용,3kg|6과,,,,가정용배
,꿀고구마 / (비세척) 5kg / 한입 / 개당 20-50g,꿀고구마,채소,채소류,,5kg|50g,,,,꿀고구마
,꿀고구마 / (비세척) 10kg / 한입 / 개당 20-50g,꿀고구마,채소,채소류,,10kg|50g,,,,꿀고구마
,A급 가정용 시나노골드 / 2kg / 소과 / 12-14과,A급 가정용 시나노골드,미분류,미분류,A,2kg|14과,,,,a급가정용시나노골드
,A급 가정용 시나노골드 / 2kg / 중과 / 10-11과,A급 가정용 시나노골드,미분류,미분류,A,2kg|11과,,,,a급가정용시나노골드
,A급 가정용 시나노골드 / 3kg / 소과 / 18-21과,A급 가정용 시나노골드,미분류,미분류,A,3kg|21과,,,,a급가정용시나노골드
,A급 가정용 시나노골드 / 3kg / 중과 / 15-17과,A급 가정용 시나노골드,미분류,미분류,A,3kg|17과,,,,a급가정용시나노골드
,A급 가정용 시나노골드 / 4kg / 소과 / 24-28과,A급 가정용 시나노골드,미분류,미분류,A,4kg|28과,,,,a급가정용시나노골드
,A급 가정용 시나노골드 / 4kg / 중과 / 20-23과,A급 가정용 시나노골드,미분류,미분류,A,4kg|23과,,,,a급가정용시나노골드
,A급 가정용 시나노골드 / 5kg / 소과 / 30-40과,A급 가정용 시나노골드,미분류,미분류,A,5kg|40과,,,,a급가정용시나노골드
,A급 가정용 시나노골드 / 5kg / 중과 / 25-29과,A급 가정용 시나노골드,미분류,미분류,A,5kg|29과,,,,a급가정용시나노골드
,세척사과 / 2kg / 한입 / 14과 내외,세척사과,과일,과일류,,2kg|14과,,,,세척사과
,세척사과 / 2kg / 소과 / 12과 내외,세척사과,과일,과일류,,2kg|12과,,,,세척사과
,세척사과 / 2kg / 중소과 / 10과 내외,세척사과,과일,과일류,중,2kg|10과,,,,세척사과
,세척사과 / 2.5kg / 한입 / 17과 내외,세척사과,과일,과일류,,2.5kg|17과,,,,세척사과
,세척사과 / 2.5kg / 소과 / 15과 내외,세척사과,과일,과일류,,2.5kg|15과,,,,세척사과
,세척사과 / 2.5kg / 중소과 / 13과 내외,세척사과,과일,과일류,중,2.5kg|13과,,,,세척사과
,세척사과 / 3kg / 한입 / 21과 내외,세척사과,과일,과일류,,3kg|21과,,,,세척사과
,세척사과 / 3kg / 소과 / 18과 내외,세척사과,과일,과일류,,3kg|18과,,,,세척사과
,세척사과 / 3kg / 중소과 / 15과 내외,세척사과,과일,과일류,중,3kg|15과,,,,세척사과
,세척사과 / 4kg / 한입 / 30과 내외,세척사과,과일,과일류,,4kg|30과,,,,세척사과
,세척사과 / 4kg / 소과 / 26과 내외,세척사과,과일,과일류,,4kg|26과,,,,세척사과
,세척사과 / 4kg / 중소 / 23과 내외,세척사과,과일,과일류,중,4kg|23과,,,,세척사과
,세척사과 / 5kg / 한입 / 35과 내외,세척사과,과일,과일류,,5kg|35과,,,,세척사과
,세척사과 / 5kg / 소과 / 30과 내외,세척사과,과일,과일류,,5kg|30과,,,,세척사과
,세척사과 / 5kg / 중소과 / 25과 내외,세척사과,과일,과일류,중,5kg|25과,,,,세척사과
,특가 시나노골드 / 못난이 / 3kg(박스포함) / 혼합 / 10-20과,특가 시나노골드,미분류,미분류,특,3kg|20과,,박스,,특가시나노골드
,특가 시나노골드 / 못난이 / 5kg(박스포함) / 혼합 / 15-35과,특가 시나노골드,미분류,미분류,특,5kg|35과,,박스,,특가시나노골드
,특가 시나노골드 / 가정용 / 5kg(박스포함) / 31-35과,특가 시나노골드,미분류,미분류,특,5kg|35과,,박스,,특가시나노골드
,특가 시나노골드 / 가정용 / 5kg(박스포함) / 26-30과,특가 시나노골드,미분류,미분류,특,5kg|30과,,박스,,특가시나노골드
,특가 시나노골드 / 가정용 / 5kg(박스포함) / 21-25과,특가 시나노골드,미분류,미분류,특,5kg|25과,,박스,,특가시나노골드
,꿀호박 랜덤발송 못난이 고구마 / 5kg / 혼합,꿀호박 랜덤발송 못난이 고구마,채소,채소류,못난이,5kg,,,,꿀호박랜덤발송못난이고구마
,꿀호박 랜덤발송 못난이 고구마 / 10kg / 혼합,꿀호박 랜덤발송 못난이 고구마,채소,채소류,못난이,10kg,,,,꿀호박랜덤발송못난이고구마
,가정용 배 / 3kg / 대과 / 3-4과,가정용 배,과일,과일류,가정용,3kg|4과,,,,가정용배
,가정용 배 / 5kg / 중소과 / 11-15과,가정용 배,과일,과일류,가정용,5kg|15과,,,,가정용배
,가정용 배 / 5kg / 중대과 / 9-10과,가정용 배,과일,과일류,가정용,5kg|10과,,,,가정용배
,가정용 배 / 5kg / 대과 / 7-8과,가정용 배,과일,과일류,가정용,5kg|8과,,,,가정용배
,가정용 배 / 5kg / 특대과 / 5-6과,가정용 배,과일,과일류,가정용,5kg|6과,,,,가정용배
,가정용 배 / 15kg / 중소과 / 31-40과,가정용 배,과일,과일류,가정용,15kg|40과,,,,가정용배
,가정용 배 / 15kg / 중대과 / 26-30과,가정용 배,과일,과일류,가정용,15kg|30과,,,,가정용배
,가정용 배 / 15kg / 대과 / 20-25과,가정용 배,과일,과일류,가정용,15kg|25과,,,,가정용배
,가정용 배 / 15kg / 특대과 / 10-19과,가정용 배,과일,과일류,가정용,15kg|19과,,,,가정용배
,개별망 정품 부사 / 3kg / 소과 / 17-18과,개별망 정품 부사,미분류,미분류,,3kg|18과,,망,,개별망정품부사
,개별망 정품 부사 / 3kg / 중소과 / 15-16과,개별망 정품 부사,미분류,미분류,중,3kg|16과,,망,,개별망정품부사
,개별망 정품 부사 / 3kg / 중과 / 13-14과,개별망 정품 부사,미분류,미분류,중,3kg|14과,,망,,개별망정품부사
,개별망 정품 부사 / 3kg / 중대과 / 11-12과,개별망 정품 부사,미분류,미분류,중,3kg|12과,,망,,개별망정품부사
,개별망 정품 부사 / 3kg / 대과 / 9-10과,개별망 정품 부사,미분류,미분류,,3kg|10과,,망,,개별망정품부사
,개별망 정품 부사 / 5kg / 소과 / 27-30과,개별망 정품 부사,미분류,미분류,,5kg|30과,,망,,개별망정품부사
,개별망 정품 부사 / 5kg / 중소과 / 24-26과,개별망 정품 부사,미분류,미분류,중,5kg|26과,,망,,개별망정품부사
,개별망 정품 부사 / 5kg / 중과 / 20-23과,개별망 정품 부사,미분류,미분류,중,5kg|23과,,망,,개별망정품부사
,개별망 정품 부사 / 5kg / 중대과 / 17-19과,개별망 정품 부사,미분류,미분류,중,5kg|19과,,망,,개별망정품부사
,개별망 정품 부사 / 5kg / 대과 / 14-16과,개별망 정품 부사,미분류,미분류,,5kg|16과,,망,,개별망정품부사
,A급 가정용 부사 / 1.5kg / 중과 / 7-9과,A급 가정용 부사,미분류,미분류,A,1.5kg|9과,,,,a급가정용부사
,A급 가정용 부사 / 2kg / 소과 / 12-14과,A급 가정용 부사,미분류,미분류,A,2kg|14과,,,,a급가정용부사
,A급 가정용 부사 / 2kg / 중과 / 10-11과,A급 가정용 부사,미분류,미분류,A,2kg|11과,,,,a급가정용부사
,A급 가정용 부사 / 2kg / 중대과 / 8-9과,A급 가정용 부사,미분류,미분류,A,2kg|9과,,,,a급가정용부사
,A급 가정용 부사 / 3kg / 소과 / 18-21과,A급 가정용 부사,미분류,미분류,A,3kg|21과,,,,a급가정용부사
,A급 가정용 부사 / 3kg / 중과 / 15-17과,A급 가정용 부사,미분류,미분류,A,3kg|17과,,,,a급가정용부사
,A급 가정용 부사 / 3kg / 중대과 / 12-14과,A급 가정용 부사,미분류,미분류,A,3kg|14과,,,,a급가정용부사
,A급 가정용 부사 / 4kg / 소과 / 24-28과,A급 가정용 부사,미분류,미분류,A,4kg|28과,,,,a급가정용부사
,A급 가정용 부사 / 4kg / 중과 / 20-23과,A급 가정용 부사,미분류,미분류,A,4kg|23과,,,,a급가정용부사
,A급 가정용 부사 / 4kg / 중대과 / 16-19과,A급 가정용 부사,미분류,미분류,A,4kg|19과,,,,a급가정용부사
,A급 가정용 부사 / 4kg / 대과 / 12-15과,A급 가정용 부사,미분류,미분류,A,4kg|15과,,,,a급가정용부사
,A급 가정용 부사 / 5kg / 소과 / 30-35과,A급 가정용 부사,미분류,미분류,A,5kg|35과,,,,a급가정용부사
,A급 가정용 부사 / 5kg / 중과 / 25-29과,A급 가정용 부사,미분류,미분류,A,5kg|29과,,,,a급가정용부사
,A급 가정용 부사 / 5kg / 중대과 / 20-24과,A급 가정용 부사,미분류,미분류,A,5kg|24과,,,,a급가정용부사
,A급 가정용 부사 / 5kg / 대과 / 15-19과,A급 가정용 부사,미분류,미분류,A,5kg|19과,,,,a급가정용부사
,A급 가정용 부사 / 10kg / 소과 / 70-79과,A급 가정용 부사,미분류,미분류,A,10kg|79과,,,,a급가정용부사
,A급 가정용 부사 / 10kg / 중소과 / 60-69과,A급 가정용 부사,미분류,미분류,A,10kg|69과,,,,a급가정용부사
,A급 가정용 부사 / 10kg / 중과 / 50-59과,A급 가정용 부사,미분류,미분류,A,10kg|59과,,,,a급가정용부사
,A급 가정용 부사 / 10kg / 중대과 / 40-49과,A급 가정용 부사,미분류,미분류,A,10kg|49과,,,,a급가정용부사
,A급 가정용 부사 / 10kg / 대과 / 30-39과,A급 가정용 부사,미분류,미분류,A,10kg|39과,,,,a급가정용부사
,미색 가정용 부사 / 2kg / 소과 / 12-15과,미색 가정용 부사,미분류,미분류,가정용,2kg|15과,,,,미색가정용부사
,미색 가정용 부사 / 2kg / 중과 / 10-11과,미색 가정용 부사,미분류,미분류,가정용,2kg|11과,,,,미색가정용부사
,미색 가정용 부사 / 2kg / 중대과 / 8-9과,미색 가정용 부사,미분류,미분류,가정용,2kg|9과,,,,미색가정용부사
,미색 가정용 부사 / 3kg / 소과 / 18-21과,미색 가정용 부사,미분류,미분류,가정용,3kg|21과,,,,미색가정용부사
,미색 가정용 부사 / 3kg / 중과 / 15-17과,미색 가정용 부사,미분류,미분류,가정용,3kg|17과,,,,미색가정용부사
,미색 가정용 부사 / 3kg / 중대과 / 12-14과,미색 가정용 부사,미분류,미분류,가정용,3kg|14과,,,,미색가정용부사
,미색 가정용 부사 / 4kg / 소과 / 24-32과,미색 가정용 부사,미분류,미분류,가정용,4kg|32과,,,,미색가정용부사
,미색 가정용 부사 / 4kg / 중과 / 20-23과,미색 가정용 부사,미분류,미분류,가정용,4kg|23과,,,,미색가정용부사
,미색 가정용 부사 / 4kg / 중대과 / 16-19과,미색 가정용 부사,미분류,미분류,가정용,4kg|19과,,,,미색가정용부사
,미색 가정용 부사 / 4kg / 대과 / 12-15과,미색 가정용 부사,미분류,미분류,가정용,4kg|15과,,,,미색가정용부사
,미색 가정용 부사 / 5kg / 소과 / 30-40과,미색 가정용 부사,미분류,미분류,가정용,5kg|40과,,,,미색가정용부사
,미색 가정용 부사 / 5kg / 중과 / 25-29과,미색 가정용 부사,미분류,미분류,가정용,5kg|29과,,,,미색가정용부사
,미색 가정용 부사 / 5kg / 중대과 / 20-24과,미색 가정용 부사,미분류,미분류,가정용,5kg|24과,,,,미색가정용부사
,미색 가정용 부사 / 5kg / 대과 / 15-19과,미색 가정용 부사,미분류,미분류,가정용,5kg|19과,,,,미색가정용부사
,미색 가정용 부사 / 10kg / 꼬마 / 90-110과,미색 가정용 부사,미분류,미분류,가정용,10kg|110과,,,,미색가정용부사
,미색 가정용 부사 / 10kg / 한입 / 80-89과,미색 가정용 부사,미분류,미분류,가정용,10kg|89과,,,,미색가정용부사
,미색 가정용 부사 / 10kg / 소과 / 70-79과,미색 가정용 부사,미분류,미분류,가정용,10kg|79과,,,,미색가정용부사
,미색 가정용 부사 / 10kg / 중소과 / 60-69과,미색 가정용 부사,미분류,미분류,가정용,10kg|69과,,,,미색가정용부사
,미색 가정용 부사 / 10kg / 중과 / 50-59과,미색 가정용 부사,미분류,미분류,가정용,10kg|59과,,,,미색가정용부사
,미색 가정용 부사 / 10kg / 중대과 / 40-49과,미색 가정용 부사,미분류,미분류,가정용,10kg|49과,,,,미색가정용부사
,미색 가정용 부사 / 10kg / 대과 / 30-39과,미색 가정용 부사,미분류,미분류,가정용,10kg|39과,,,,미색가정용부사
,[특가] 부사 / 3kg(박스포함) / 못난이 / 혼합 / 10-20과,[특가] 부사,미분류,미분류,특,3kg|20과,,박스,,특가부사
,[특가] 부사 / 3kg(박스포함) / 가정용 / 소과 / 18-20과,[특가] 부사,미분류,미분류,특,3kg|20과,,박스,,특가부사
,[특가] 부사 / 3kg(박스포함) / 가정용 / 중과 / 15-17과,[특가] 부사,미분류,미분류,특,3kg|17과,,박스,,특가부사
,[특가] 부사 / 3kg(박스포함) / 가정용 / 대과 / 10-14과,[특가] 부사,미분류,미분류,특,3kg|14과,,박스,,특가부사
,[특가] 부사 / 4kg(박스포함) / 못난이 / 혼합 / 12-28과,[특가] 부사,미분류,미분류,특,4kg|28과,,박스,,특가부사
,[특가] 부사 / 4kg(박스포함) / 가정용 / 소과 / 24-28과,[특가] 부사,미분류,미분류,특,4kg|28과,,박스,,특가부사
,[특가] 부사 / 4kg(박스포함) / 가정용 / 중과 / 20-23과,[특가] 부사,미분류,미분류,특,4kg|23과,,박스,,특가부사
,[특가] 부사 / 4kg(박스포함) / 가정용 / 대과 / 12-19과,[특가] 부사,미분류,미분류,특,4kg|19과,,박스,,특가부사
,[특가] 부사 / 5kg(박스포함) / 못난이 / 혼합 / 15-35과,[특가] 부사,미분류,미분류,특,5kg|35과,,박스,,특가부사
,[특가] 부사 / 5kg(박스포함) / 가정용 / 소과 / 31-35과,[특가] 부사,미분류,미분류,특,5kg|35과,,박스,,특가부사
,[특가] 부사 / 5kg(박스포함) / 가정용 / 중과 / 26-30과,[특가] 부사,미분류,미분류,특,5kg|30과,,박스,,특가부사
,미국산 레몬 / 10입,미국산 레몬,미분류,미분류,,10입,미국산,,,미국산레몬
,미국산 레몬 / 20입,미국산 레몬,미분류,미분류,,20입,미국산,,,미국산레몬
,미국산 레몬 / 30입,미국산 레몬,미분류,미분류,,30입,미국산,,,미국산레몬
,미국산 레몬 / 40입,미국산 레몬,미분류,미분류,,40입,미국산,,,미국산레몬
,미국산 레몬 / 50입,미국산 레몬,미분류,미분류,,50입,미국산,,,미국산레몬
,미국산 레몬 / 60입,미국산 레몬,미분류,미분류,,60입,미국산,,,미국산레몬
,미국산 레몬 / 70입,미국산 레몬,미분류,미분류,,70입,미국산,,,미국산레몬
,미국산 레몬 / 80입,미국산 레몬,미분류,미분류,,80입,미국산,,,미국산레몬
,미국산 레몬 / 90입,미국산 레몬,미분류,미분류,,90입,미국산,,,미국산레몬
,미국산 레몬 / 100입,미국산 레몬,미분류,미분류,,100입,미국산,,,미국산레몬
,미국산 레몬 / 165입,미국산 레몬,미분류,미분류,,165입,미국산,,,미국산레몬
,흙당근 / 쥬스용 / 5kg(박스포함) / 왕특,흙당근,채소,과채가공품,특,5kg,,박스,,흙당근
,흙당근 / 쥬스용 / 10kg(박스포함) / 왕특,흙당근,채소,과채가공품,특,10kg,,박스,,흙당근
,[특가] 부사 / 5kg(박스포함) / 가정용 / 중대과 / 21-25과,[특가] 부사,미분류,미분류,특,5kg|25과,,박스,,특가부사
,[특가] 부사 / 5kg(박스포함) / 가정용 / 대과 / 17-20과,[특가] 부사,미분류,미분류,특,5kg|20과,,박스,,특가부사
,[특가] 부사 / 5kg(박스포함) / 가정용 / 특대과 / 15-16과,[특가] 부사,미분류,미분류,특,5kg|16과,,박스,,특가부사
,특가 시나노골드 / 가정용 / 3kg(박스포함) / 18-20과,특가 시나노골드,미분류,미분류,특,3kg|20과,,박스,,특가시나노골드
,특가 시나노골드 / 가정용 / 3kg(박스포함) / 15-17과,특가 시나노골드,미분류,미분류,특,3kg|17과,,박스,,특가시나노골드
,특가 시나노골드 / 가정용 / 3kg(박스포함) / 10-14과,특가 시나노골드,미분류,미분류,특,3kg|14과,,박스,,특가시나노골드
,가정용 시나노골드 / 1kg / 소과 / 6-7과,가정용 시나노골드,미분류,미분류,가정용,1kg|7과,,,,가정용시나노골드
,가정용 시나노골드 / 2kg / 소과 / 12-14과,가정용 시나노골드,미분류,미분류,가정용,2kg|14과,,,,가정용시나노골드
,가정용 시나노골드 / 2kg / 중과 / 9-11과,가정용 시나노골드,미분류,미분류,가정용,2kg|11과,,,,가정용시나노골드
,가정용 시나노골드 / 3kg / 소과 / 18-21과,가정용 시나노골드,미분류,미분류,가정용,3kg|21과,,,,가정용시나노골드
,가정용 시나노골드 / 3kg / 중과 / 13-17과,가정용 시나노골드,미분류,미분류,가정용,3kg|17과,,,,가정용시나노골드
,가정용 시나노골드 / 5kg / 소과 / 30-35과,가정용 시나노골드,미분류,미분류,가정용,5kg|35과,,,,가정용시나노골드
,가정용 시나노골드 / 5kg / 중과 / 25-29과,가정용 시나노골드,미분류,미분류,가정용,5kg|29과,,,,가정용시나노골드
,흙당근 / 5kg / 왕 / 350-500g,흙당근,채소,채소류,,5kg|500g,,,,흙당근
,흙당근 / 5kg / 특 / 300g 내외,흙당근,채소,채소류,특,5kg|300g,,,,흙당근
,흙당근 / 5kg / 상 / 200g 내외,흙당근,채소,채소류,상,5kg|200g,,,,흙당근
,흙당근 / 10kg / 왕 / 350-500g,흙당근,채소,채소류,,10kg|500g,,,,흙당근
,흙당근 / 10kg / 특 / 300g 내외,흙당근,채소,채소류,특,10kg|300g,,,,흙당근
,흙당근 / 10kg / 상 / 200g 내외,흙당근,채소,채소류,상,10kg|200g,,,,흙당근
,호풍미 고구마 / 2kg / 한입 / 50g 미만,호풍미 고구마,채소,채소류,,2kg|50g,,,,호풍미고구마
,호풍미 고구마 / 2kg / 중 / 50-100g,호풍미 고구마,채소,채소류,중,2kg|100g,,,,호풍미고구마
,호풍미 고구마 / 2kg / 특상 / 100-300g,호풍미 고구마,채소,채소류,특상,2kg|300g,,,,호풍미고구마
,호풍미 고구마 / 2kg / 왕(대) / 300g 이상,호풍미 고구마,채소,채소류,상,2kg|300g,,,,호풍미고구마
,호풍미 고구마 / 3kg / 한입 / 50g 미만,호풍미 고구마,채소,채소류,,3kg|50g,,,,호풍미고구마
,호풍미 고구마 / 3kg / 중 / 50-100g,호풍미 고구마,채소,채소류,중,3kg|100g,,,,호풍미고구마
,호풍미 고구마 / 3kg / 특상 / 100-300g,호풍미 고구마,채소,채소류,특상,3kg|300g,,,,호풍미고구마
,호풍미 고구마 / 3kg / 왕(대) / 300g 이상,호풍미 고구마,채소,채소류,상,3kg|300g,,,,호풍미고구마
,호풍미 고구마 / 5kg / 한입 / 50g 미만,호풍미 고구마,채소,채소류,,5kg|50g,,,,호풍미고구마
,호풍미 고구마 / 5kg / 중 / 50-100g,호풍미 고구마,채소,채소류,중,5kg|100g,,,,호풍미고구마
,호풍미 고구마 / 5kg / 특상 / 100-300g,호풍미 고구마,채소,채소류,특상,5kg|300g,,,,호풍미고구마
,호풍미 고구마 / 5kg / 왕(대) / 300g 이상,호풍미 고구마,채소,채소류,상,5kg|300g,,,,호풍미고구마
,호풍미 고구마 / 10kg / 한입 / 50g 미만,호풍미 고구마,채소,채소류,,10kg|50g,,,,호풍미고구마
,호풍미 고구마 / 10kg / 중 / 50-100g,호풍미 고구마,채소,채소류,중,10kg|100g,,,,호풍미고구마
,호풍미 고구마 / 10kg / 특상 / 100-300g,호풍미 고구마,채소,채소류,특상,10kg|300g,,,,호풍미고구마
,호풍미 고구마 / 10kg / 왕(대) / 300g 이상,호풍미 고구마,채소,채소류,상,10kg|300g,,,,호풍미고구마
,"국내산 건멸치 / (볶음, 조림용) 주바멸치 / 500g",국내산 건멸치,수산물/건어물,미분류,,500g,국내산,,,국내산건멸치
,"국내산 건멸치 / (볶음, 조림용) 주바멸치 / 500g / 2봉",국내산 건멸치,수산물/건어물,미분류,,500g|2봉,국내산,봉,,국내산건멸치
,"국내산 건멸치 / (볶음, 조림용) 주바멸치 / 1.5kg",국내산 건멸치,수산물/건어물,미분류,,1.5kg,국내산,,,국내산건멸치
,국내산 건멸치 / (조림용) 고바멸치 / 500g,국내산 건멸치,수산물/건어물,미분류,,500g,국내산,,,국내산건멸치
,국내산 건멸치 / (조림용) 고바멸치 / 500g / 2봉,국내산 건멸치,수산물/건어물,미분류,,500g|2봉,국내산,봉,,국내산건멸치
,국내산 건멸치 / (조림용) 고바멸치 / 1.5kg,국내산 건멸치,수산물/건어물,미분류,,1.5kg,국내산,,,국내산건멸치
,국내산 건멸치 / (국물용) 다시멸치 / 500g,국내산 건멸치,수산물/건어물,미분류,,500g,국내산,,,국내산건멸치
,국내산 건멸치 / (국물용) 다시멸치 / 500g / 2봉,국내산 건멸치,수산물/건어물,미분류,,500g|2봉,국내산,봉,,국내산건멸치
,국내산 건멸치 / (국물용) 다시멸치 / 1.5kg,국내산 건멸치,수산물/건어물,미분류,,1.5kg,국내산,,,국내산건멸치
,완도 건다시마 / 건다시마 / 500g,완도 건다시마,미분류,미분류,,500g,,,,완도건다시마
,완도 건다시마 / 건다시마 / 1kg,완도 건다시마,미분류,미분류,,1kg,,,,완도건다시마
,흙당근 / 3kg / 왕 / 350-500g,흙당근,채소,채소류,,3kg|500g,,,,흙당근
,흙당근 / 3kg / 특 / 300g 내외,흙당근,채소,채소류,특,3kg|300g,,,,흙당근
,흙당근 / 3kg / 상 / 200g 내외,흙당근,채소,채소류,상,3kg|200g,,,,흙당근
,흙당근 / (박스포함) 5kg / 왕 / 350-500g,흙당근,채소,채소류,,5kg|500g,,박스,,흙당근
,흙당근 / (박스포함) 5kg / 특 / 300g 내외,흙당근,채소,채소류,특,5kg|300g,,박스,,흙당근
,흙당근 / (박스포함) 5kg / 상 / 200g 내외,흙당근,채소,채소류,상,5kg|200g,,박스,,흙당근
,흙당근 / (박스포함) 10kg / 왕 / 350-500g,흙당근,채소,채소류,,10kg|500g,,박스,,흙당근
,흙당근 / (박스포함) 10kg / 특 / 300g 내외,흙당근,채소,채소류,특,10kg|300g,,박스,,흙당근
,흙당근 / (박스포함) 10kg / 상 / 200g 내외,흙당근,채소,채소류,상,10kg|200g,,박스,,흙당근
,쥬스용 사과 / 3kg / 혼합과,쥬스용 사과,과일,과채가공품,,3kg,,,,쥬스용사과
,쥬스용 사과 / 5kg / 혼합과,쥬스용 사과,과일,과채가공품,,5kg,,,,쥬스용사과
,쥬스용 사과 / 6kg / 혼합과,쥬스용 사과,과일,과채가공품,,6kg,,,,쥬스용사과
,쥬스용 사과 / 10kg / 혼합과,쥬스용 사과,과일,과채가공품,,10kg,,,,쥬스용사과
,쥬스용 사과 / (박스포함) 5kg / 혼합과,쥬스용 사과,과일,과채가공품,,5kg,,박스,,쥬스용사과
,쥬스용 사과 / (박스포함) 10kg / 혼합과,쥬스용 사과,과일,과채가공품,,10kg,,박스,,쥬스용사과
,미색 가정용 부사 / 8kg / 꼬마 / 72-80과,미색 가정용 부사,미분류,미분류,가정용,8kg|80과,,,,미색가정용부사
,미색 가정용 부사 / 8kg / 한입 / 64-71과,미색 가정용 부사,미분류,미분류,가정용,8kg|71과,,,,미색가정용부사
,미색 가정용 부사 / 8kg / 소과 / 56-63과,미색 가정용 부사,미분류,미분류,가정용,8kg|63과,,,,미색가정용부사
,미색 가정용 부사 / 8kg / 중소과 / 48-55과,미색 가정용 부사,미분류,미분류,가정용,8kg|55과,,,,미색가정용부사
,미색 가정용 부사 / 8kg / 중과 / 40-47과,미색 가정용 부사,미분류,미분류,가정용,8kg|47과,,,,미색가정용부사
,미색 가정용 부사 / 8kg / 중대과 / 32-39과,미색 가정용 부사,미분류,미분류,가정용,8kg|39과,,,,미색가정용부사
,미색 가정용 부사 / 8kg / 대과 / 24-31과,미색 가정용 부사,미분류,미분류,가정용,8kg|31과,,,,미색가정용부사
,미색 가정용 부사 / 9kg / 꼬마 / 81-90과,미색 가정용 부사,미분류,미분류,가정용,9kg|90과,,,,미색가정용부사
,미색 가정용 부사 / 9kg / 한입 / 72-80과,미색 가정용 부사,미분류,미분류,가정용,9kg|80과,,,,미색가정용부사
,미색 가정용 부사 / 9kg / 소과 / 63-71과,미색 가정용 부사,미분류,미분류,가정용,9kg|71과,,,,미색가정용부사
,미색 가정용 부사 / 9kg / 중소과 / 54-62과,미색 가정용 부사,미분류,미분류,가정용,9kg|62과,,,,미색가정용부사
,미색 가정용 부사 / 9kg / 중과 / 45-53과,미색 가정용 부사,미분류,미분류,가정용,9kg|53과,,,,미색가정용부사
,미색 가정용 부사 / 9kg / 중대과 / 36-44과,미색 가정용 부사,미분류,미분류,가정용,9kg|44과,,,,미색가정용부사
,미색 가정용 부사 / 9kg / 대과 / 27-35과,미색 가정용 부사,미분류,미분류,가정용,9kg|35과,,,,미색가정용부사
,제주 비트 / 2kg / 혼합과,제주 비트,채소,미분류,,2kg,제주,,,제주비트
,제주 비트 / 3kg / 혼합과,제주 비트,채소,미분류,,3kg,제주,,,제주비트
,제주 비트 / 5kg / 혼합과,제주 비트,채소,미분류,,5kg,제주,,,제주비트
,제주 감황 골드키위 / 1kg / 중과 / 60-80g,제주 감황 골드키위,과일,과일류,중,1kg|80g,제주,,,제주감황골드키위
,제주 감황 골드키위 / 1kg / 대과 / 80-130g,제주 감황 골드키위,과일,과일류,,1kg|130g,제주,,,제주감황골드키위
,제주 감황 골드키위 / 1kg / 특과 / 130-180g,제주 감황 골드키위,과일,과일류,특,1kg|180g,제주,,,제주감황골드키위
,제주 감황 골드키위 / 2kg / 중과 / 60-80g,제주 감황 골드키위,과일,과일류,중,2kg|80g,제주,,,제주감황골드키위
,제주 감황 골드키위 / 2kg / 대과 / 80-130g,제주 감황 골드키위,과일,과일류,,2kg|130g,제주,,,제주감황골드키위
,제주 감황 골드키위 / 2kg / 특과 / 130-180g,제주 감황 골드키위,과일,과일류,특,2kg|180g,제주,,,제주감황골드키위
,제주 감황 골드키위 / 3kg / 중과 / 60-80g,제주 감황 골드키위,과일,과일류,중,3kg|80g,제주,,,제주감황골드키위
,제주 감황 골드키위 / 3kg / 대과 / 80-130g,제주 감황 골드키위,과일,과일류,,3kg|130g,제주,,,제주감황골드키위
,제주 감황 골드키위 / 3kg / 특과 / 130-180g,제주 감황 골드키위,과일,과일류,특,3kg|180g,제주,,,제주감황골드키위
,제주 감황 골드키위 / 4kg / 중과 / 60-80g,제주 감황 골드키위,과일,과일류,중,4kg|80g,제주,,,제주감황골드키위
,제주 감황 골드키위 / 4kg / 대과 / 80-130g,제주 감황 골드키위,과일,과일류,,4kg|130g,제주,,,제주감황골드키위
,제주 감황 골드키위 / 4kg / 특과 / 130-180g,제주 감황 골드키위,과일,과일류,특,4kg|180g,제주,,,제주감황골드키위
,제주 감황 골드키위 / 5kg / 중과 / 60-80g,제주 감황 골드키위,과일,과일류,중,5kg|80g,제주,,,제주감황골드키위
,제주 감황 골드키위 / 5kg / 대과 / 80-130g,제주 감황 골드키위,과일,과일류,,5kg|130g,제주,,,제주감황골드키위
,제주 감황 골드키위 / 5kg / 특과 / 130-180g,제주 감황 골드키위,과일,과일류,특,5kg|180g,제주,,,제주감황골드키위
,남해 보물초 시금치 / 500g,남해 보물초 시금치,채소,채소류,,500g,,,,남해보물초시금치
,남해 보물초 시금치 / 1kg,남해 보물초 시금치,채소,채소류,,1kg,,,,남해보물초시금치
,남해 보물초 시금치 / 1.5kg,남해 보물초 시금치,채소,채소류,,1.5kg,,,,남해보물초시금치
,남해 보물초 시금치 / 2kg,남해 보물초 시금치,채소,채소류,,2kg,,,,남해보물초시금치
,남해 보물초 시금치 / 3kg,남해 보물초 시금치,채소,채소류,,3kg,,,,남해보물초시금치
,남해 보물초 시금치 / 4kg,남해 보물초 시금치,채소,채소류,,4kg,,,,남해보물초시금치
,국내산 밤 / 1kg,국내산 밤,미분류,미분류,,1kg,국내산,,,국내산밤
,국내산 밤 / 2kg,국내산 밤,미분류,미분류,,2kg,국내산,,,국내산밤
,국내산 밤 / 4kg,국내산 밤,미분류,미분류,,4kg,국내산,,,국내산밤
,세척사과 / 4.5kg / 한입 / 32과 내외,세척사과,과일,과일류,,4.5kg|32과,,,,세척사과
,세척사과 / 4.5kg / 소과 / 28과 내외,세척사과,과일,과일류,,4.5kg|28과,,,,세척사과
,세척사과 / 4.5kg / 중소 / 25과 내외,세척사과,과일,과일류,중,4.5kg|25과,,,,세척사과
,선물세트 반건시 / 20입 / 소과 / 50g,선물세트 반건시,견과/건과,견과류/건과류,,20입|50g,,,,선물세트반건시
,선물세트 반건시 / 20입 / 중소 / 60g,선물세트 반건시,견과/건과,견과류/건과류,중,20입|60g,,,,선물세트반건시
,선물세트 반건시 / 20입 / 중과 / 70g,선물세트 반건시,견과/건과,견과류/건과류,중,20입|70g,,,,선물세트반건시
,선물세트 반건시 / 20입 / 대과 / 80g,선물세트 반건시,견과/건과,견과류/건과류,,20입|80g,,,,선물세트반건시
,선물세트 반건시 / 20입 / 특과 / 100g,선물세트 반건시,견과/건과,견과류/건과류,특,20입|100g,,,,선물세트반건시
,선물세트 반건시 / 1+1 20입 / 소과 / 50g,선물세트 반건시,견과/건과,견과류/건과류,,20입|50g,,,,선물세트반건시
,선물세트 반건시 / 1+1 20입 / 중소 / 60g,선물세트 반건시,견과/건과,견과류/건과류,중,20입|60g,,,,선물세트반건시
,선물세트 반건시 / 1+1 20입 / 중과 / 70g,선물세트 반건시,견과/건과,견과류/건과류,중,20입|70g,,,,선물세트반건시
,선물세트 반건시 / 1+1 20입 / 대과 / 80g,선물세트 반건시,견과/건과,견과류/건과류,,20입|80g,,,,선물세트반건시
,선물세트 반건시 / 1+1 20입 / 특과 / 100g,선물세트 반건시,견과/건과,견과류/건과류,특,20입|100g,,,,선물세트반건시
,선물세트 반건시 / 24입 / 중소 / 60g,선물세트 반건시,견과/건과,견과류/건과류,중,24입|60g,,,,선물세트반건시
,선물세트 반건시 / 24입 / 중과 / 70g,선물세트 반건시,견과/건과,견과류/건과류,중,24입|70g,,,,선물세트반건시
,선물세트 반건시 / 24입 / 대과 / 80g,선물세트 반건시,견과/건과,견과류/건과류,,24입|80g,,,,선물세트반건시
,선물세트 반건시 / 1+1 24입 / 중소 / 60g,선물세트 반건시,견과/건과,견과류/건과류,중,24입|60g,,,,선물세트반건시
,선물세트 반건시 / 1+1 24입 / 중과 / 70g,선물세트 반건시,견과/건과,견과류/건과류,중,24입|70g,,,,선물세트반건시
,선물세트 반건시 / 1+1 24입 / 대과 / 80g,선물세트 반건시,견과/건과,견과류/건과류,,24입|80g,,,,선물세트반건시
,A급 남해 보물초 시금치 / 500g,A급 남해 보물초 시금치,채소,채소류,A,500g,,,,a급남해보물초시금치
,A급 남해 보물초 시금치 / 1kg,A급 남해 보물초 시금치,채소,채소류,A,1kg,,,,a급남해보물초시금치
,A급 남해 보물초 시금치 / 1.5kg,A급 남해 보물초 시금치,채소,채소류,A,1.5kg,,,,a급남해보물초시금치
,A급 남해 보물초 시금치 / 2kg,A급 남해 보물초 시금치,채소,채소류,A,2kg,,,,a급남해보물초시금치
,A급 남해 보물초 시금치 / 3kg,A급 남해 보물초 시금치,채소,채소류,A,3kg,,,,a급남해보물초시금치
,A급 남해 보물초 시금치 / 4kg,A급 남해 보물초 시금치,채소,채소류,A,4kg,,,,a급남해보물초시금치
,가정용 감말랭이 / 300g,가정용 감말랭이,미분류,미분류,가정용,300g,,,,가정용감말랭이
,가정용 감말랭이 / 500g / 1팩,가정용 감말랭이,미분류,미분류,가정용,500g|1팩,,팩,,가정용감말랭이
,가정용 감말랭이 / 500g / 2팩,가정용 감말랭이,미분류,미분류,가정용,500g|2팩,,팩,,가정용감말랭이
,가정용 감말랭이 / 500g / 3팩,가정용 감말랭이,미분류,미분류,가정용,500g|3팩,,팩,,가정용감말랭이
,가정용 감말랭이 / 500g / 4팩,가정용 감말랭이,미분류,미분류,가정용,500g|4팩,,팩,,가정용감말랭이
,정품 감말랭이 / 300g,정품 감말랭이,미분류,미분류,,300g,,,,정품감말랭이
,정품 감말랭이 / 500g / 1팩,정품 감말랭이,미분류,미분류,,500g|1팩,,팩,,정품감말랭이
,정품 감말랭이 / 500g / 2팩,정품 감말랭이,미분류,미분류,,500g|2팩,,팩,,정품감말랭이
,정품 감말랭이 / 500g / 3팩,정품 감말랭이,미분류,미분류,,500g|3팩,,팩,,정품감말랭이
,정품 감말랭이 / 500g / 4팩,정품 감말랭이,미분류,미분류,,500g|4팩,,팩,,정품감말랭이
,정품 아이스홍시 / 1kg / 50-80g 내외,정품 아이스홍시,미분류,미분류,,1kg|80g,,,,정품아이스홍시
,정품 아이스홍시 / 2kg / 50-80g 내외,정품 아이스홍시,미분류,미분류,,2kg|80g,,,,정품아이스홍시
,정품 아이스홍시 / 3kg / 50-80g 내외,정품 아이스홍시,미분류,미분류,,3kg|80g,,,,정품아이스홍시
,정품 아이스홍시 / 4kg / 50-80g 내외,정품 아이스홍시,미분류,미분류,,4kg|80g,,,,정품아이스홍시
,정품 아이스홍시 / 5kg / 50-80g 내외,정품 아이스홍시,미분류,미분류,,5kg|80g,,,,정품아이스홍시
,일반 반건시 / 10입 / 1팩 / 40g,일반 반건시,견과/건과,견과류/건과류,,10입|1팩|40g,,팩,,일반반건시
,일반 반건시 / 10입 / 2팩 / 40g,일반 반건시,견과/건과,견과류/건과류,,10입|2팩|40g,,팩,,일반반건시
,일반 반건시 / 10입 / 3팩 / 40g,일반 반건시,견과/건과,견과류/건과류,,10입|3팩|40g,,팩,,일반반건시
,일반 반건시 / 10입 / 4팩 / 40g,일반 반건시,견과/건과,견과류/건과류,,10입|4팩|40g,,팩,,일반반건시
,일반 반건시 / 10입 / 1팩 / 50g,일반 반건시,견과/건과,견과류/건과류,,10입|1팩|50g,,팩,,일반반건시
,일반 반건시 / 10입 / 2팩 / 50g,일반 반건시,견과/건과,견과류/건과류,,10입|2팩|50g,,팩,,일반반건시
,일반 반건시 / 10입 / 3팩 / 50g,일반 반건시,견과/건과,견과류/건과류,,10입|3팩|50g,,팩,,일반반건시
,일반 반건시 / 10입 / 4팩 / 50g,일반 반건시,견과/건과,견과류/건과류,,10입|4팩|50g,,팩,,일반반건시
,일반 반건시 / 10입 / 2팩 / 60g,일반 반건시,견과/건과,견과류/건과류,,10입|2팩|60g,,팩,,일반반건시
,일반 반건시 / 8입 / 1팩 / 60g,일반 반건시,견과/건과,견과류/건과류,,8입|1팩|60g,,팩,,일반반건시
,일반 반건시 / 8입 / 2팩 / 60g,일반 반건시,견과/건과,견과류/건과류,,8입|2팩|60g,,팩,,일반반건시
,일반 반건시 / 8입 / 1팩 / 70g,일반 반건시,견과/건과,견과류/건과류,,8입|1팩|70g,,팩,,일반반건시
,일반 반건시 / 8입 / 2팩 / 70g,일반 반건시,견과/건과,견과류/건과류,,8입|2팩|70g,,팩,,일반반건시
,일반 반건시 / 6입 / 1팩 / 60g,일반 반건시,견과/건과,견과류/건과류,,6입|1팩|60g,,팩,,일반반건시
,일반 반건시 / 6입 / 2팩 / 60g,일반 반건시,견과/건과,견과류/건과류,,6입|2팩|60g,,팩,,일반반건시
,일반 반건시 / 6입 / 3팩 / 60g,일반 반건시,견과/건과,견과류/건과류,,6입|3팩|60g,,팩,,일반반건시
,일반 반건시 / 6입 / 4팩 / 60g,일반 반건시,견과/건과,견과류/건과류,,6입|4팩|60g,,팩,,일반반건시
,일반 반건시 / 6입 / 1팩 / 70g,일반 반건시,견과/건과,견과류/건과류,,6입|1팩|70g,,팩,,일반반건시
,일반 반건시 / 6입 / 2팩 / 70g,일반 반건시,견과/건과,견과류/건과류,,6입|2팩|70g,,팩,,일반반건시
,벌크 반건시 / 500g / 소과 / 45g 내외,벌크 반건시,견과/건과,견과류/건과류,,500g|45g,,벌크,,벌크반건시
,벌크 반건시 / 1kg / 소과 / 45g 내외,벌크 반건시,견과/건과,견과류/건과류,,1kg|45g,,벌크,,벌크반건시
,벌크 반건시 / 500g / 중소 / 55g 내외,벌크 반건시,견과/건과,견과류/건과류,중,500g|55g,,벌크,,벌크반건시
,벌크 반건시 / 1kg / 중소 / 55g 내외,벌크 반건시,견과/건과,견과류/건과류,중,1kg|55g,,벌크,,벌크반건시
,해남 호박고구마 / (비세척) 10kg / 대 / 개당 300g 이상,해남 호박고구마,채소,채소류,상,10kg|300g,해남,,,해남호박고구마
,해남 호박고구마 / (비세척) 10kg / 특상 / 개당 100-300g,해남 호박고구마,채소,채소류,특상,10kg|300g,해남,,,해남호박고구마
,해남 호박고구마 / (비세척) 10kg / 중 / 개당 50-100g,해남 호박고구마,채소,채소류,중,10kg|100g,해남,,,해남호박고구마
,해남 호박고구마 / (비세척) 10kg / 한입 / 개당 20-50g,해남 호박고구마,채소,채소류,,10kg|50g,해남,,,해남호박고구마
,해남 호박고구마 / (비세척) 5kg / 대 / 개당 300g 이상,해남 호박고구마,채소,채소류,상,5kg|300g,해남,,,해남호박고구마
,해남 호박고구마 / (비세척) 5kg / 특상 / 개당 100-300g,해남 호박고구마,채소,채소류,특상,5kg|300g,해남,,,해남호박고구마
,해남 호박고구마 / (비세척) 5kg / 중 / 개당 50-100g,해남 호박고구마,채소,채소류,중,5kg|100g,해남,,,해남호박고구마
,해남 호박고구마 / (비세척) 5kg / 한입 / 개당 20-50g,해남 호박고구마,채소,채소류,,5kg|50g,해남,,,해남호박고구마
,해남 호박고구마 / (비세척) 3kg / 대 / 개당 300g 이상,해남 호박고구마,채소,채소류,상,3kg|300g,해남,,,해남호박고구마
,해남 호박고구마 / (비세척) 3kg / 특상 / 개당 100-300g,해남 호박고구마,채소,채소류,특상,3kg|300g,해남,,,해남호박고구마
,해남 호박고구마 / (비세척) 3kg / 중 / 개당 50-100g,해남 호박고구마,채소,채소류,중,3kg|100g,해남,,,해남호박고구마
,해남 호박고구마 / (비세척) 3kg / 한입 / 개당 20-50g,해남 호박고구마,채소,채소류,,3kg|50g,해남,,,해남호박고구마
,3종 과일세트 - 301 / 골드망고(3) 샤인머스켓(2) 사과(3),3종 과일세트 - 301,과일,과일류,,,,망,,3종과일세트301
,3종 과일세트 - 302 / 골드망고(3) 자몽(3) 사과(3),3종 과일세트 - 302,과일,과일류,,,,망,,3종과일세트302
,3종 과일세트 - 303 / 애플망고(3) 샤인머스켓(2) 사과(3),3종 과일세트 - 303,과일,과일류,,,,망,,3종과일세트303
,3종 과일세트 - 304 / 애플망고(3) 자몽(3) 사과(3),3종 과일세트 - 304,과일,과일류,,,,망,,3종과일세트304
,4종 과일세트 - 401 / 사과(2) 샤인머스켓(2) 골드망고(2) 애플망고(2),4종 과일세트 - 401,과일,과일류,,,,망,,4종과일세트401
,4종 과일세트 - 404 / 사과(2) 샤인머스켓(2) 애플망고(2) 자몽(2),4종 과일세트 - 404,과일,과일류,,,,망,,4종과일세트404
,구좌당근 / 2kg / 왕 / 350-500g,구좌당근,채소,채소류,,2kg|500g,,,,구좌당근
,구좌당근 / 2kg / 특 / 300g 내외,구좌당근,채소,채소류,특,2kg|300g,,,,구좌당근
,구좌당근 / 2kg / 상 / 200g 내외,구좌당근,채소,채소류,상,2kg|200g,,,,구좌당근
,구좌당근 / 2kg / 중 / 100g 내외,구좌당근,채소,채소류,중,2kg|100g,,,,구좌당근
,구좌당근 / 3kg / 왕 / 350-500g,구좌당근,채소,채소류,,3kg|500g,,,,구좌당근
,구좌당근 / 3kg / 특 / 300g 내외,구좌당근,채소,채소류,특,3kg|300g,,,,구좌당근
,구좌당근 / 3kg / 상 / 200g 내외,구좌당근,채소,채소류,상,3kg|200g,,,,구좌당근
,구좌당근 / 3kg / 중 / 100g 내외,구좌당근,채소,채소류,중,3kg|100g,,,,구좌당근
,구좌당근 / 5kg / 왕 / 350-500g,구좌당근,채소,채소류,,5kg|500g,,,,구좌당근
,구좌당근 / 5kg / 특 / 300g 내외,구좌당근,채소,채소류,특,5kg|300g,,,,구좌당근
,구좌당근 / 5kg / 상 / 200g 내외,구좌당근,채소,채소류,상,5kg|200g,,,,구좌당근
,구좌당근 / 5kg / 중 / 100g 내외,구좌당근,채소,채소류,중,5kg|100g,,,,구좌당근
,구좌당근 / 10kg / 왕 / 350-500g,구좌당근,채소,채소류,,10kg|500g,,,,구좌당근
,구좌당근 / 10kg / 특 / 300g 내외,구좌당근,채소,채소류,특,10kg|300g,,,,구좌당근
,구좌당근 / 10kg / 상 / 200g 내외,구좌당근,채소,채소류,상,10kg|200g,,,,구좌당근
,구좌당근 / 10kg / 중 / 100g 내외,구좌당근,채소,채소류,중,10kg|100g,,,,구좌당근
,구좌당근 / 5kg (박스포함) / 왕 / 350-500g,구좌당근,채소,채소류,,5kg|500g,,박스,,구좌당근
,구좌당근 / 5kg (박스포함) / 특 / 300g 내외,구좌당근,채소,채소류,특,5kg|300g,,박스,,구좌당근
,구좌당근 / 5kg (박스포함) / 상 / 200g 내외,구좌당근,채소,채소류,상,5kg|200g,,박스,,구좌당근
,구좌당근 / 5kg (박스포함) / 중 / 100g 내외,구좌당근,채소,채소류,중,5kg|100g,,박스,,구좌당근
,구좌당근 / 10kg (박스포함) / 왕 / 350-500g,구좌당근,채소,채소류,,10kg|500g,,박스,,구좌당근
,구좌당근 / 10kg (박스포함) / 특 / 300g 내외,구좌당근,채소,채소류,특,10kg|300g,,박스,,구좌당근
,구좌당근 / 10kg (박스포함) / 상 / 200g 내외,구좌당근,채소,채소류,상,10kg|200g,,박스,,구좌당근
,구좌당근 / 10kg (박스포함) / 중 / 100g 내외,구좌당근,채소,채소류,중,10kg|100g,,박스,,구좌당근
,국내산 밤 / 3kg,국내산 밤,미분류,미분류,,3kg,국내산,,,국내산밤
,통배추 / 1통 / 2kg~3kg,통배추,과일,과일류,,2kg|3kg,,,,통배추
,통배추 / 2통 / 4kg~6kg,통배추,과일,과일류,,4kg|6kg,,,,통배추
,통배추 / 3통 / 6kg~9kg,통배추,과일,과일류,,6kg|9kg,,,,통배추
,통배추 / 4통 / 8kg~12kg,통배추,과일,과일류,,8kg|12kg,,,,통배추
,[단품] 국내산 대패삼겹살 300g / 1팩,[단품] 국내산 대패삼겹살 300g,축산/계란,미분류,,300g|1팩,국내산,팩,,단품국내산대패삼겹살300g
,[세트] 국내산 대패삼겹살 300g / 2팩,[세트] 국내산 대패삼겹살 300g,축산/계란,미분류,,300g|2팩,국내산,팩,,세트국내산대패삼겹살300g
,[세트] 국내산 대패삼겹살 300g / 3팩,[세트] 국내산 대패삼겹살 300g,축산/계란,미분류,,300g|3팩,국내산,팩,,세트국내산대패삼겹살300g
,[세트] 국내산 대패삼겹살 300g / 4팩,[세트] 국내산 대패삼겹살 300g,축산/계란,미분류,,300g|4팩,국내산,팩,,세트국내산대패삼겹살300g
,[단품] 한우 1++ 투쁠 / 설깃살 / 200g / 1팩,[단품] 한우 1++ 투쁠,축산/계란,미분류,,200g|1팩,,팩,,단품한우1투쁠
,[단품] 한우 1++ 투쁠 / 삼각살 / 200g / 1팩,[단품] 한우 1++ 투쁠,축산/계란,미분류,,200g|1팩,,팩,,단품한우1투쁠
,[세트] 삼각살 200g + 설깃살 200g + 보섭살 200g,[세트] 삼각살 200g + 설깃살 200g + 보섭살 200g,미분류,미분류,,200g|200g|200g,,,,세트삼각살200g설깃살200g보섭살200g
,[세트] 차돌 200g + 삼각살 200g + 보섭살 200g,[세트] 차돌 200g + 삼각살 200g + 보섭살 200g,미분류,미분류,,200g|200g|200g,,,,세트차돌200g삼각살200g보섭살200g
,[단품] 호주산 양갈비 / 500g / 1팩,[단품] 호주산 양갈비,미분류,미분류,,500g|1팩,,팩,,단품호주산양갈비
,[단품] 호주산 안창살 / 250g / 1팩,[단품] 호주산 안창살,미분류,미분류,,250g|1팩,,팩,,단품호주산안창살
,[세트] 호주산 안창살 / 250g / 3팩,[세트] 호주산 안창살,미분류,미분류,,250g|3팩,,팩,,세트호주산안창살
,[세트] 호주산 안창살 / 250g / 4팩,[세트] 호주산 안창살,미분류,미분류,,250g|4팩,,팩,,세트호주산안창살
,[세트] 호주산 안창살 / 250g / 5팩,[세트] 호주산 안창살,미분류,미분류,,250g|5팩,,팩,,세트호주산안창살
,[세트] 호주산 안창살 300g / 2팩,[세트] 호주산 안창살 300g,미분류,미분류,,300g|2팩,,팩,,세트호주산안창살300g
,[세트] 호주산 안창살 300g / 3팩,[세트] 호주산 안창살 300g,미분류,미분류,,300g|3팩,,팩,,세트호주산안창살300g
,[세트] 호주산 안창살 300g / 4팩,[세트] 호주산 안창살 300g,미분류,미분류,,300g|4팩,,팩,,세트호주산안창살300g
,[세트] 토시살 250g + 안창살 250g,[세트] 토시살 250g + 안창살 250g,미분류,미분류,,250g|250g,,,,세트토시살250g안창살250g
,[세트] 토시살 250g + 안창살 250g + 갈비살 200g,[세트] 토시살 250g + 안창살 250g + 갈비살 200g,미분류,미분류,,250g|250g|200g,,,,세트토시살250g안창살250g갈비살200g
,[단품] 제주흑돼지 불고기 / 400g / 1팩,[단품] 제주흑돼지 불고기,축산/계란,미분류,,400g|1팩,제주,팩,,단품제주흑돼지불고기
,[단품] 제주흑돼지 왕구이 / 1.2kg / 1팩,[단품] 제주흑돼지 왕구이,축산/계란,미분류,,1.2kg|1팩,제주,팩,,단품제주흑돼지왕구이
,[단품] 제주흑돼지 고추장불고기 / 1.2kg / 1팩,[단품] 제주흑돼지 고추장불고기,축산/계란,미분류,,1.2kg|1팩,제주,팩,,단품제주흑돼지고추장불고기
,[단품] 호주산 양념 안창살 / 400g / 1팩,[단품] 호주산 양념 안창살,미분류,미분류,,400g|1팩,,팩,,단품호주산양념안창살
,[세트] 호주산 양념 안창살 / 400g / 2팩,[세트] 호주산 양념 안창살,미분류,미분류,,400g|2팩,,팩,,세트호주산양념안창살
,[세트] 호주산 양념 안창살 / 400g / 3팩,[세트] 호주산 양념 안창살,미분류,미분류,,400g|3팩,,팩,,세트호주산양념안창살
,[세트] 호주산 양념 안창살 / 400g / 4팩,[세트] 호주산 양념 안창살,미분류,미분류,,400g|4팩,,팩,,세트호주산양념안창살
,[세트] (호)양념안창살 400g + (뉴)양념토시살 400g + (미)양념안심살 300g,[세트] (호)양념안창살 400g + (뉴)양념토시살 400g + (미)양념안심살 300g,미분류,미분류,,400g|400g|300g,,,,세트호양념안창살400g뉴양념토시살400g미양념안심살300g
,병아리콩 / 2kg,병아리콩,쌀/잡곡,미분류,,2kg,,,,병아리콩
,렌틸콩 / 2kg,렌틸콩,쌀/잡곡,미분류,,2kg,,,,렌틸콩
,완두콩 / 2kg,완두콩,쌀/잡곡,미분류,,2kg,,,,완두콩
,[단품] 한우 1++ 투쁠 / 불고기 / 200g / 1팩,[단품] 한우 1++ 투쁠,축산/계란,미분류,,200g|1팩,,팩,,단품한우1투쁠
,[단품] 한우 1++ 투쁠 / 국거리 / 200g / 1팩,[단품] 한우 1++ 투쁠,축산/계란,미분류,,200g|1팩,,팩,,단품한우1투쁠
,[단품] 한우 1++ 투쁠 / 보섭살 / 200g / 1팩,[단품] 한우 1++ 투쁠,축산/계란,미분류,,200g|1팩,,팩,,단품한우1투쁠
,[단품] 한우 1++ 투쁠 / 차돌 / 200g / 1팩,[단품] 한우 1++ 투쁠,축산/계란,미분류,,200g|1팩,,팩,,단품한우1투쁠
,[단품] 한우 1++ 투쁠 / 갈비살 / 200g / 1팩,[단품] 한우 1++ 투쁠,축산/계란,미분류,,200g|1팩,,팩,,단품한우1투쁠
,[단품] 한우 1++ 투쁠 / 등심 / 200g / 1팩,[단품] 한우 1++ 투쁠,축산/계란,미분류,,200g|1팩,,팩,,단품한우1투쁠
,설향딸기 / 500g / 24-30과,설향딸기,과일,과일류,,500g|30과,,,,설향딸기
,설향딸기 / 500g / 12-20과,설향딸기,과일,과일류,,500g|20과,,,,설향딸기
,설향딸기 / 1kg / 48-60과,설향딸기,과일,과일류,,1kg|60과,,,,설향딸기
,설향딸기 / 1kg / 24-40과,설향딸기,과일,과일류,,1kg|40과,,,,설향딸기
,홍희딸기 / 500g / 24-30과,홍희딸기,과일,과일류,,500g|30과,,,,홍희딸기
,홍희딸기 / 500g / 12-20과,홍희딸기,과일,과일류,,500g|20과,,,,홍희딸기
,홍희딸기 / 1kg / 48-60과,홍희딸기,과일,과일류,,1kg|60과,,,,홍희딸기
,홍희딸기 / 1kg / 24-40과,홍희딸기,과일,과일류,,1kg|40과,,,,홍희딸기
,세척사과 / 8kg / 한입 / 56과 내외,세척사과,과일,과일류,,8kg|56과,,,,세척사과
,세척사과 / 8kg/ 소과 / 48과 내외,세척사과,과일,과일류,,8kg|48과,,,,세척사과
,세척사과 / 8kg / 중소과 / 40과 내외,세척사과,과일,과일류,중,8kg|40과,,,,세척사과
,세척사과 / 10kg / 한입 / 70과 내외,세척사과,과일,과일류,,10kg|70과,,,,세척사과
,세척사과 / 10kg / 소과 / 60과 내외,세척사과,과일,과일류,,10kg|60과,,,,세척사과
,세척사과 / 10kg / 중소과 / 50과 내외,세척사과,과일,과일류,중,10kg|50과,,,,세척사과
,양파 / 1kg / 중소 혼합 / 100g 이하,양파,채소,채소류,중,1kg|100g,,,,양파
,양파 / 1kg / 상 / 100–150g,양파,채소,채소류,상,1kg|150g,,,,양파
,양파 / 1kg / 특 / 150–200g,양파,채소,채소류,특,1kg|200g,,,,양파
,양파 / 1kg / 왕특 / 200g 이상,양파,채소,채소류,특,1kg|200g,,,,양파
,양파 / 3kg / 중소 혼합 / 100g 이하,양파,채소,채소류,중,3kg|100g,,,,양파
,양파 / 3kg / 상 / 100–150g,양파,채소,채소류,상,3kg|150g,,,,양파
,양파 / 3kg / 특 / 150–200g,양파,채소,채소류,특,3kg|200g,,,,양파
,양파 / 3kg / 왕특 / 200g 이상,양파,채소,채소류,특,3kg|200g,,,,양파
,양파 / 4kg / 중소 혼합 / 100g 이하,양파,채소,채소류,중,4kg|100g,,,,양파
,양파 / 4kg / 상 / 100–150g,양파,채소,채소류,상,4kg|150g,,,,양파
,양파 / 4kg / 특 / 150–200g,양파,채소,채소류,특,4kg|200g,,,,양파
,양파 / 4kg / 왕특 / 200g 이상,양파,채소,채소류,특,4kg|200g,,,,양파
,양파 / 5kg / 중소 혼합 / 100g 이하,양파,채소,채소류,중,5kg|100g,,,,양파
,양파 / 5kg / 상 / 100–150g,양파,채소,채소류,상,5kg|150g,,,,양파
,양파 / 5kg / 특 / 150–200g,양파,채소,채소류,특,5kg|200g,,,,양파
,양파 / 5kg / 왕특 / 200g 이상,양파,채소,채소류,특,5kg|200g,,,,양파
,양파 / 10kg / 중소 혼합 / 100g 이하,양파,채소,채소류,중,10kg|100g,,,,양파
,양파 / 10kg / 상 / 100–150g,양파,채소,채소류,상,10kg|150g,,,,양파
,양파 / 10kg / 특 / 150–200g,양파,채소,채소류,특,10kg|200g,,,,양파
,양파 / 10kg / 왕특 / 200g 이상,양파,채소,채소류,특,10kg|200g,,,,양파
,[단품] 부채살 / 200g / 1팩,[단품] 부채살,미분류,미분류,,200g|1팩,,팩,,단품부채살
,[단품] 척아이롤 등심 / 200g / 1팩,[단품] 척아이롤 등심,미분류,미분류,,200g|1팩,,팩,,단품척아이롤등심
,[단품] 미국산 안심살구이 / 200g / 1팩,[단품] 미국산 안심살구이,미분류,미분류,,200g|1팩,미국산,팩,,단품미국산안심살구이
,[단품] 뉴질랜드 토시살 / 250g / 1팩,[단품] 뉴질랜드 토시살,미분류,미분류,,250g|1팩,,팩,,단품뉴질랜드토시살
,[단품] 호주산 안창살 / 300g / 1팩,[단품] 호주산 안창살,미분류,미분류,,300g|1팩,,팩,,단품호주산안창살
,[단품] 뉴질랜드 토시살 / 300g / 1팩,[단품] 뉴질랜드 토시살,미분류,미분류,,300g|1팩,,팩,,단품뉴질랜드토시살
,[단품] 미국산 우대갈비 / 400g / 1팩,[단품] 미국산 우대갈비,미분류,미분류,,400g|1팩,미국산,팩,,단품미국산우대갈비
,[세트] 미국산 소갈비살 / 200g / 3팩,[세트] 미국산 소갈비살,미분류,미분류,,200g|3팩,미국산,팩,,세트미국산소갈비살
,[세트] 미국산 소갈비살 / 200g / 4팩,[세트] 미국산 소갈비살,미분류,미분류,,200g|4팩,미국산,팩,,세트미국산소갈비살
,[세트] 미국산 소갈비살 / 200g / 5팩,[세트] 미국산 소갈비살,미분류,미분류,,200g|5팩,미국산,팩,,세트미국산소갈비살
,[세트] 뉴질랜드 토시살 250g / 3팩,[세트] 뉴질랜드 토시살 250g,미분류,미분류,,250g|3팩,,팩,,세트뉴질랜드토시살250g
,[세트] 뉴질랜드 토시살 250g / 4팩,[세트] 뉴질랜드 토시살 250g,미분류,미분류,,250g|4팩,,팩,,세트뉴질랜드토시살250g
,[세트] 뉴질랜드 토시살 250g / 5팩,[세트] 뉴질랜드 토시살 250g,미분류,미분류,,250g|5팩,,팩,,세트뉴질랜드토시살250g
,[세트] 뉴질랜드 토시살 300g / 2팩,[세트] 뉴질랜드 토시살 300g,미분류,미분류,,300g|2팩,,팩,,세트뉴질랜드토시살300g
,[세트] 뉴질랜드 토시살 300g / 3팩,[세트] 뉴질랜드 토시살 300g,미분류,미분류,,300g|3팩,,팩,,세트뉴질랜드토시살300g
,[세트] 뉴질랜드 토시살 300g / 4팩,[세트] 뉴질랜드 토시살 300g,미분류,미분류,,300g|4팩,,팩,,세트뉴질랜드토시살300g
,[세트] 미국산 안심살구이 / 200g / 2팩,[세트] 미국산 안심살구이,미분류,미분류,,200g|2팩,미국산,팩,,세트미국산안심살구이
,[세트] 미국산 안심살구이 / 200g / 3팩,[세트] 미국산 안심살구이,미분류,미분류,,200g|3팩,미국산,팩,,세트미국산안심살구이
,[단품] 미국산 소갈비살 / 200g / 1팩,[단품] 미국산 소갈비살,미분류,미분류,,200g|1팩,미국산,팩,,단품미국산소갈비살
,[세트] 미국산 안심살구이 / 200g / 4팩,[세트] 미국산 안심살구이,미분류,미분류,,200g|4팩,미국산,팩,,세트미국산안심살구이
,생굴 / 1kg,생굴,미분류,미분류,,1kg,,,,생굴
,홍가리비 / 1kg / 17미내외,홍가리비,미분류,미분류,,1kg,,,,홍가리비
,세척사과 / 2kg / 중과 / 8과 내외,세척사과,과일,과일류,중,2kg|8과,,,,세척사과
,세척사과 / 4kg / 중과 / 19과 내외,세척사과,과일,과일류,중,4kg|19과,,,,세척사과
,특가 시나노골드 / 3kg(박스포함) / 쥬스용 / 혼합과,특가 시나노골드,미분류,과채가공품,특,3kg,,박스,,특가시나노골드
,특가 시나노골드 / 5kg(박스포함) / 쥬스용 / 혼합과,특가 시나노골드,미분류,과채가공품,특,5kg,,박스,,특가시나노골드
,특가 시나노골드 / 10kg(박스포함) / 쥬스용 / 혼합과,특가 시나노골드,미분류,과채가공품,특,10kg,,박스,,특가시나노골드
,[특가] 부사 / (박스포함) 10kg / 못난이 / 혼합 / 40-90과,[특가] 부사,미분류,미분류,특,10kg|90과,,박스,,특가부사
,[특가] 부사 / (박스포함) 10kg / 가정용 / 81-90과,[특가] 부사,미분류,미분류,특,10kg|90과,,박스,,특가부사
,[특가] 부사 / (박스포함) 10kg / 가정용 / 71-80과,[특가] 부사,미분류,미분류,특,10kg|80과,,박스,,특가부사
,[특가] 부사 / (박스포함) 10kg / 가정용 / 61-70과,[특가] 부사,미분류,미분류,특,10kg|70과,,박스,,특가부사
,[특가] 부사 / (박스포함) 10kg / 가정용 / 51-60과,[특가] 부사,미분류,미분류,특,10kg|60과,,박스,,특가부사
,[특가] 부사 / (박스포함) 10kg / 가정용 / 41-50과,[특가] 부사,미분류,미분류,특,10kg|50과,,박스,,특가부사
,[특가] 부사 / (박스포함) 10kg / 가정용 / 36-40과,[특가] 부사,미분류,미분류,특,10kg|40과,,박스,,특가부사
,[특가] 부사 / (박스포함) 10kg / 가정용 / 25-35과,[특가] 부사,미분류,미분류,특,10kg|35과,,박스,,특가부사
,흑방울토마토 / 500g,흑방울토마토,과일,과일류,,500g,,,,흑방울토마토
,흑방울토마토 / 1kg,흑방울토마토,과일,과일류,,1kg,,,,흑방울토마토
,흑방울토마토 / 1.5kg,흑방울토마토,과일,과일류,,1.5kg,,,,흑방울토마토
,흑방울토마토 / 2kg,흑방울토마토,과일,과일류,,2kg,,,,흑방울토마토
,[단품] 한우 1++ 투쁠 / 삼각살 / 200g / 1팩,[단품] 한우 1++ 투쁠,축산/계란,미분류,,200g|1팩,,팩,,단품한우1투쁠
,[세트] 한우 1++ 등급 / 갈비살 / 200g / 2팩,[세트] 한우 1++ 등급,축산/계란,미분류,,200g|2팩,,팩,,세트한우1등급
,[단품] 미국산 양념 돼지구이 / 400g / 1팩,[단품] 미국산 양념 돼지구이,축산/계란,미분류,,400g|1팩,미국산,팩,,단품미국산양념돼지구이
,[세트] 미국산 양념 돼지구이 / 400g / 4팩,[세트] 미국산 양념 돼지구이,축산/계란,미분류,,400g|4팩,미국산,팩,,세트미국산양념돼지구이
,[단품] 미국산 양념 안심살구이 / 300g / 1팩,[단품] 미국산 양념 안심살구이,미분류,미분류,,300g|1팩,미국산,팩,,단품미국산양념안심살구이
,[단품] 뉴질랜드산 양념 토시살 / 400g / 1팩,[단품] 뉴질랜드산 양념 토시살,미분류,미분류,,400g|1팩,,팩,,단품뉴질랜드산양념토시살
,[단품] 미국산 마늘폭탄 갈비살 / 400g / 1팩,[단품] 미국산 마늘폭탄 갈비살,채소,채소류,,400g|1팩,미국산,팩,,단품미국산마늘폭탄갈비살
,[세트] 뉴질랜드산 양념 토시살 / 400g / 2팩,[세트] 뉴질랜드산 양념 토시살,미분류,미분류,,400g|2팩,,팩,,세트뉴질랜드산양념토시살
,[세트] 뉴질랜드산 양념 토시살 / 400g / 3팩,[세트] 뉴질랜드산 양념 토시살,미분류,미분류,,400g|3팩,,팩,,세트뉴질랜드산양념토시살
,[세트] 뉴질랜드산 양념 토시살 / 400g / 4팩,[세트] 뉴질랜드산 양념 토시살,미분류,미분류,,400g|4팩,,팩,,세트뉴질랜드산양념토시살
,양파 / 2kg / 중소 혼합 / 100g 이하,양파,채소,채소류,중,2kg|100g,,,,양파
,양파 / 2kg / 상 / 100–150g,양파,채소,채소류,상,2kg|150g,,,,양파
,양파 / 2kg / 특 / 150–200g,양파,채소,채소류,특,2kg|200g,,,,양파
,양파 / 2kg / 왕특 / 200g 이상,양파,채소,채소류,특,2kg|200g,,,,양파
,양파 / 6kg / 중소 혼합 / 100g 이하,양파,채소,채소류,중,6kg|100g,,,,양파
,양파 / 6kg / 상 / 100–150g,양파,채소,채소류,상,6kg|150g,,,,양파
,양파 / 6kg / 특 / 150–200g,양파,채소,채소류,특,6kg|200g,,,,양파
,양파 / 6kg / 왕특 / 200g 이상,양파,채소,채소류,특,6kg|200g,,,,양파
,양파 / 9kg / 중소 혼합 / 100g 이하,양파,채소,채소류,중,9kg|100g,,,,양파
,양파 / 9kg / 상 / 100–150g,양파,채소,채소류,상,9kg|150g,,,,양파
,양파 / 9kg / 특 / 150–200g,양파,채소,채소류,특,9kg|200g,,,,양파
,양파 / 9kg / 왕특 / 200g 이상,양파,채소,채소류,특,9kg|200g,,,,양파
,양파 / 11kg / 중소 혼합 / 100g 이하,양파,채소,채소류,중,11kg|100g,,,,양파
,양파 / 11kg / 상 / 100–150g,양파,채소,채소류,상,11kg|150g,,,,양파
,양파 / 11kg / 특 / 150–200g,양파,채소,채소류,특,11kg|200g,,,,양파
,양파 / 11kg / 왕특 / 200g 이상,양파,채소,채소류,특,11kg|200g,,,,양파
,황금순무 / 3kg / 혼합,황금순무,채소,미분류,,3kg,,,,황금순무
,황금순무 / 6kg / 혼합,황금순무,채소,미분류,,6kg,,,,황금순무
,황금순무 / 9kg / 혼합,황금순무,채소,미분류,,9kg,,,,황금순무
,두백감자 / 2kg / 중 / 60~90g,두백감자,채소,채소류,중,2kg|90g,,,,두백감자
,두백감자 / 2kg / 대 / 90~130g,두백감자,채소,채소류,,2kg|130g,,,,두백감자
,두백감자 / 2kg / 왕특 / 130~210g,두백감자,채소,채소류,특,2kg|210g,,,,두백감자
,두백감자 / 2kg / 왕왕 / 210g이상,두백감자,채소,채소류,상,2kg,,,,두백감자
,두백감자 / 3kg / 중 / 60~90g,두백감자,채소,채소류,중,3kg|90g,,,,두백감자
,두백감자 / 3kg / 대 / 90~130g,두백감자,채소,채소류,,3kg|130g,,,,두백감자
,두백감자 / 3kg / 왕특 / 130~210g,두백감자,채소,채소류,특,3kg|210g,,,,두백감자
,두백감자 / 3kg / 왕왕 / 210g이상,두백감자,채소,채소류,상,3kg,,,,두백감자
,두백감자 / 5kg / 중 / 60~90g,두백감자,채소,채소류,중,5kg|90g,,,,두백감자
,두백감자 / 5kg / 대 / 90~130g,두백감자,채소,채소류,,5kg|130g,,,,두백감자
,두백감자 / 5kg / 왕특 / 130~210g,두백감자,채소,채소류,특,5kg|210g,,,,두백감자
,두백감자 / 5kg / 왕왕 / 210g이상,두백감자,채소,채소류,상,5kg,,,,두백감자
,두백감자 / 10kg / 중 / 60~90g,두백감자,채소,채소류,중,10kg|90g,,,,두백감자
,두백감자 / 10kg / 대 / 90~130g,두백감자,채소,채소류,,10kg|130g,,,,두백감자
,두백감자 / 10kg / 왕특 / 130~210g,두백감자,채소,채소류,특,10kg|210g,,,,두백감자
,두백감자 / 10kg / 왕왕 / 210g이상,두백감자,채소,채소류,상,10kg,,,,두백감자
,두백감자 / 20kg / 중 / 60~90g,두백감자,채소,채소류,중,20kg|90g,,,,두백감자
,두백감자 / 20kg / 대 / 90~130g,두백감자,채소,채소류,,20kg|130g,,,,두백감자
,두백감자 / 20kg / 왕특 / 130~210g,두백감자,채소,채소류,특,20kg|210g,,,,두백감자
,두백감자 / 20kg / 왕왕 / 210g이상,두백감자,채소,채소류,상,20kg,,,,두백감자
,피데기 원양산 / 소 / 5미 / 450g 내외,피데기 원양산,미분류,미분류,,450g,,,,피데기원양산
,피데기 원양산 / 중 / 5미 / 550g 내외,피데기 원양산,미분류,미분류,중,550g,,,,피데기원양산
,피데기 원양산 / 대 / 5미 / 650g 내외,피데기 원양산,미분류,미분류,,650g,,,,피데기원양산
,피데기 원양산 / 특대 / 5미 / 750g 내외,피데기 원양산,미분류,미분류,특,750g,,,,피데기원양산
,쫄쫄이오징어 200g 내외 (4-5미),쫄쫄이오징어 200g 내외 (4-5미),수산물/건어물,미분류,,200g,,,,쫄쫄이오징어200g내외45미
,쫄쫄이오징어 300g 내외 (6-10미),쫄쫄이오징어 300g 내외 (6-10미),수산물/건어물,미분류,,300g,,,,쫄쫄이오징어300g내외610미
,쫄쫄이오징어 400g 내외 (6-10미),쫄쫄이오징어 400g 내외 (6-10미),수산물/건어물,미분류,,400g,,,,쫄쫄이오징어400g내외610미
,쫄쫄이오징어 500g 내외 (6-10미),쫄쫄이오징어 500g 내외 (6-10미),수산물/건어물,미분류,,500g,,,,쫄쫄이오징어500g내외610미
,홍매향 / 1kg / 중과 / 100-150g,홍매향,미분류,미분류,중,1kg|150g,,,,홍매향
,홍매향 / 1kg / 대과 / 150-300g,홍매향,미분류,미분류,,1kg|300g,,,,홍매향
,홍매향 / 2kg / 중과 / 100-150g,홍매향,미분류,미분류,중,2kg|150g,,,,홍매향
,홍매향 / 2kg / 대과 / 150-300g,홍매향,미분류,미분류,,2kg|300g,,,,홍매향
,홍매향 / 3kg / 중과 / 100-150g,홍매향,미분류,미분류,중,3kg|150g,,,,홍매향
,홍매향 / 3kg / 대과 / 150-300g,홍매향,미분류,미분류,,3kg|300g,,,,홍매향
,홍매향 / 4kg / 중과 / 100-150g,홍매향,미분류,미분류,중,4kg|150g,,,,홍매향
,홍매향 / 4kg / 대과 / 150-300g,홍매향,미분류,미분류,,4kg|300g,,,,홍매향
,홍매향 / 5kg / 중과 / 100-150g,홍매향,미분류,미분류,중,5kg|150g,,,,홍매향
,홍매향 / 5kg / 대과 / 150-300g,홍매향,미분류,미분류,,5kg|300g,,,,홍매향
,한라봉 선물세트 / 중과 / 3kg(박스포함) / 10-13과,한라봉 선물세트,과일,미분류,중,3kg|13과,,봉,,한라봉선물세트
,한라봉 선물세트 / 대과 / 3kg(박스포함) / 6-9과,한라봉 선물세트,과일,미분류,,3kg|9과,,봉,,한라봉선물세트
,한라봉 선물세트 / 중과 / 5kg(박스포함) / 17-20과,한라봉 선물세트,과일,미분류,중,5kg|20과,,봉,,한라봉선물세트
,한라봉 선물세트 / 대과 / 5kg(박스포함) / 11-16과,한라봉 선물세트,과일,미분류,,5kg|16과,,봉,,한라봉선물세트
,레드향 선물세트 / 중과 / 3kg(박스포함) / 14-17과,레드향 선물세트,과일,미분류,중,3kg|17과,,박스,,레드향선물세트
,레드향 선물세트 / 대과 / 3kg(박스포함) / 8-13과,레드향 선물세트,과일,미분류,,3kg|13과,,박스,,레드향선물세트
,레드향 선물세트 / 중과 / 5kg(박스포함) / 19-25과,레드향 선물세트,과일,미분류,중,5kg|25과,,박스,,레드향선물세트
,레드향 선물세트 / 대과 / 5kg(박스포함) / 14-18과,레드향 선물세트,과일,미분류,,5kg|18과,,박스,,레드향선물세트
,천혜향 선물세트 / 중과 / 3kg(박스포함) / 14-17과,천혜향 선물세트,과일,미분류,중,3kg|17과,,박스,,천혜향선물세트
,천혜향 선물세트 / 대과 / 3kg(박스포함) / 8-13과,천혜향 선물세트,과일,미분류,,3kg|13과,,박스,,천혜향선물세트
,천혜향 선물세트 / 중과 / 5kg(박스포함) / 19-25과,천혜향 선물세트,과일,미분류,중,5kg|25과,,박스,,천혜향선물세트
,천혜향 선물세트 / 대과 / 5kg(박스포함) / 14-18과,천혜향 선물세트,과일,미분류,,5kg|18과,,박스,,천혜향선물세트
,한라봉 선물세트 /  중과 / 3kg(박스포함) / 10-13과 / 선물박스+부직포포장,한라봉 선물세트,과일,미분류,중,3kg|13과,,봉,,한라봉선물세트
,한라봉 선물세트 / 대과 / 3kg(박스포함) / 6-9과 / 선물박스+부직포포장,한라봉 선물세트,과일,미분류,,3kg|9과,,봉,,한라봉선물세트
,한라봉 선물세트 / 중과 / 5kg(박스포함) / 17-20과 / 선물박스+부직포포장,한라봉 선물세트,과일,미분류,중,5kg|20과,,봉,,한라봉선물세트
,한라봉 선물세트 / 대과 / 5kg(박스포함) / 11-16과 / 선물박스+부직포포장,한라봉 선물세트,과일,미분류,,5kg|16과,,봉,,한라봉선물세트
,레드향 선물세트 / 중과 / 3kg(박스포함) / 14-17과 / 선물박스+부직포포장,레드향 선물세트,과일,미분류,중,3kg|17과,,박스,,레드향선물세트
,레드향 선물세트 / 대과 / 3kg(박스포함) / 8-13과 / 선물박스+부직포포장,레드향 선물세트,과일,미분류,,3kg|13과,,박스,,레드향선물세트
,레드향 선물세트 / 중과 / 5kg(박스포함) / 19-25과 / 선물박스+부직포포장,레드향 선물세트,과일,미분류,중,5kg|25과,,박스,,레드향선물세트
,레드향 선물세트 / 대과 / 5kg(박스포함) / 14-18과 / 선물박스+부직포포장,레드향 선물세트,과일,미분류,,5kg|18과,,박스,,레드향선물세트
,천혜향 선물세트 / 중과 / 3kg (박스포함)/ 14-17과 / 선물박스+부직포포장,천혜향 선물세트,과일,미분류,중,3kg|17과,,박스,,천혜향선물세트
,천혜향 선물세트 / 대과 / 3kg(박스포함) / 8-13과 / 선물박스+부직포포장,천혜향 선물세트,과일,미분류,,3kg|13과,,박스,,천혜향선물세트
,천혜향 선물세트 / 중과 / 5kg(박스포함) / 19-25과 / 선물박스+부직포포장,천혜향 선물세트,과일,미분류,중,5kg|25과,,박스,,천혜향선물세트
,천혜향 선물세트 / 대과 / 5kg(박스포함) / 14-18과 / 선물박스+부직포포장,천혜향 선물세트,과일,미분류,,5kg|18과,,박스,,천혜향선물세트
,킹스베리 / 500g / 특 / 14개입 내외,킹스베리,미분류,미분류,특,500g,,,,킹스베리
,킹스베리 / 500g / 특특 / 11개입 내외,킹스베리,미분류,미분류,특,500g,,,,킹스베리
,킹스베리 / 500g / 왕 / 9개입 내외,킹스베리,미분류,미분류,,500g,,,,킹스베리
,논산 설향딸기 / 500g / 상 / 24개입,논산 설향딸기,과일,과일류,상,500g,,,,논산설향딸기
,논산 설향딸기 / 500g / 특 / 15 or 20개입,논산 설향딸기,과일,과일류,특,500g,,,,논산설향딸기
,논산 설향딸기 / 1kg / 상 / 48개입,논산 설향딸기,과일,과일류,상,1kg,,,,논산설향딸기
,논산 설향딸기 / 1kg / 특 / 30~40개입,논산 설향딸기,과일,과일류,특,1kg,,,,논산설향딸기
,논산 농협 설향딸기 / 특 / 400g / 12개입,논산 농협 설향딸기,과일,과일류,특,400g,,,,논산농협설향딸기
,논산 농협 설향딸기 / 특 / 800g / 30개입,논산 농협 설향딸기,과일,과일류,특,800g,,,,논산농협설향딸기
,손질 맷돌늙은호박채 / 1kg,손질 맷돌늙은호박채,미분류,신선편의식품,,1kg,,,,손질맷돌늙은호박채
,손질 맷돌늙은호박채 / 2kg,손질 맷돌늙은호박채,미분류,신선편의식품,,2kg,,,,손질맷돌늙은호박채
,손질 맷돌늙은호박채 / 3kg,손질 맷돌늙은호박채,미분류,신선편의식품,,3kg,,,,손질맷돌늙은호박채
,손질 맷돌늙은호박채 / 4kg,손질 맷돌늙은호박채,미분류,신선편의식품,,4kg,,,,손질맷돌늙은호박채
,손질 맷돌늙은호박채 / 5kg,손질 맷돌늙은호박채,미분류,신선편의식품,,5kg,,,,손질맷돌늙은호박채
,표고버섯 / 1kg / 혼합 A급,표고버섯,채소,채소류,A,1kg,,,,표고버섯
,표고버섯 / 1kg / 상품,표고버섯,채소,채소류,상,1kg,,,,표고버섯
,표고버섯 / 1kg / 특품,표고버섯,채소,채소류,특품,1kg,,,,표고버섯
,표고버섯 / 2kg / 혼합 A급,표고버섯,채소,채소류,A,2kg,,,,표고버섯
,표고버섯 / 2kg / 상품,표고버섯,채소,채소류,상,2kg,,,,표고버섯
,표고버섯 / 2kg / 특품,표고버섯,채소,채소류,특품,2kg,,,,표고버섯
,표고버섯 / 3kg / 혼합 A급,표고버섯,채소,채소류,A,3kg,,,,표고버섯
,표고버섯 / 3kg / 상품,표고버섯,채소,채소류,상,3kg,,,,표고버섯
,표고버섯 / 3kg / 특품,표고버섯,채소,채소류,특품,3kg,,,,표고버섯
,표고버섯 / 5kg / 혼합 A급,표고버섯,채소,채소류,A,5kg,,,,표고버섯
,표고버섯 / 5kg / 상품,표고버섯,채소,채소류,상,5kg,,,,표고버섯
,표고버섯 / 5kg / 특품,표고버섯,채소,채소류,특품,5kg,,,,표고버섯
,홍가리비 / 3kg / 50미내외,홍가리비,미분류,미분류,,3kg,,,,홍가리비
,새꼬막 / 3kg / 270미내외,새꼬막,수산물/건어물,미분류,,3kg,,,,새꼬막
,설향딸기 / 700g / 24-32과,설향딸기,과일,과일류,,700g|32과,,,,설향딸기
,설향딸기 / 700g / 35-40과,설향딸기,과일,과일류,,700g|40과,,,,설향딸기
,홍희딸기 / 700g / 35-40과,홍희딸기,과일,과일류,,700g|40과,,,,홍희딸기
,홍희딸기 / 700g / 24-32과,홍희딸기,과일,과일류,,700g|32과,,,,홍희딸기
,노지 샤인머스켓 1kg 2수,노지 샤인머스켓 1kg 2수,과일,미분류,,1kg,,,,노지샤인머스켓1kg2수
,노지 샤인머스켓 2kg 5-6수,노지 샤인머스켓 2kg 5-6수,과일,미분류,,2kg,,,,노지샤인머스켓2kg56수
,노지 샤인머스켓 2kg 4수,노지 샤인머스켓 2kg 4수,과일,미분류,,2kg,,,,노지샤인머스켓2kg4수
,노지 샤인머스켓 2kg 3수,노지 샤인머스켓 2kg 3수,과일,미분류,,2kg,,,,노지샤인머스켓2kg3수
,빨간사과 1kg / 꼬마소과 / 12과내외,빨간사과 1kg,과일,과일류,,1kg,,,,빨간사과1kg
,빨간사과 1kg 소과 7과내외,빨간사과 1kg 소과 7과내외,과일,과일류,,1kg,,,,빨간사과1kg소과7과내외
,빨간사과 1kg 중소과 6과내외,빨간사과 1kg 중소과 6과내외,과일,과일류,중,1kg,,,,빨간사과1kg중소과6과내외
,빨간사과 1kg 중과 5과내외,빨간사과 1kg 중과 5과내외,과일,과일류,중,1kg,,,,빨간사과1kg중과5과내외
,빨간사과 1kg 중대과 4과내외,빨간사과 1kg 중대과 4과내외,과일,과일류,중,1kg,,,,빨간사과1kg중대과4과내외
,빨간사과 2kg / 꼬마소과 / 24과내외,빨간사과 2kg,과일,과일류,,2kg,,,,빨간사과2kg
,빨간사과 2kg 소과 14-15과내외,빨간사과 2kg 소과 14-15과내외,과일,과일류,,2kg,,,,빨간사과2kg소과1415과내외
,빨간사과 2kg 중소과 12-13과내외,빨간사과 2kg 중소과 12-13과내외,과일,과일류,중,2kg,,,,빨간사과2kg중소과1213과내외
,빨간사과 2kg 중과 10-11과내외,빨간사과 2kg 중과 10-11과내외,과일,과일류,중,2kg,,,,빨간사과2kg중과1011과내외
,빨간사과 2kg 중대과 8-9과내외,빨간사과 2kg 중대과 8-9과내외,과일,과일류,중,2kg,,,,빨간사과2kg중대과89과내외
,빨간사과 2kg 대과 6-7과내외,빨간사과 2kg 대과 6-7과내외,과일,과일류,,2kg,,,,빨간사과2kg대과67과내외
,빨간사과 3kg / 꼬마소과 / 33과내외,빨간사과 3kg,과일,과일류,,3kg,,,,빨간사과3kg
,빨간사과 3kg 소과 21-23과내외,빨간사과 3kg 소과 21-23과내외,과일,과일류,,3kg,,,,빨간사과3kg소과2123과내외
,빨간사과 3kg 중소과 18-20과내외,빨간사과 3kg 중소과 18-20과내외,과일,과일류,중,3kg,,,,빨간사과3kg중소과1820과내외
,빨간사과 3kg 중과 15-17과내외,빨간사과 3kg 중과 15-17과내외,과일,과일류,중,3kg,,,,빨간사과3kg중과1517과내외
,빨간사과 3kg 중대과 12-14과내외,빨간사과 3kg 중대과 12-14과내외,과일,과일류,중,3kg,,,,빨간사과3kg중대과1214과내외
,빨간사과 3kg 대과 9-11과내외,빨간사과 3kg 대과 9-11과내외,과일,과일류,,3kg,,,,빨간사과3kg대과911과내외
,빨간사과 4kg / 꼬마소과 / 50과내외,빨간사과 4kg,과일,과일류,,4kg,,,,빨간사과4kg
,빨간사과 4kg 소과 28-30과내외,빨간사과 4kg 소과 28-30과내외,과일,과일류,,4kg,,,,빨간사과4kg소과2830과내외
,빨간사과 4kg 중소과 24-27과내외,빨간사과 4kg 중소과 24-27과내외,과일,과일류,중,4kg,,,,빨간사과4kg중소과2427과내외
,빨간사과 4kg 중과 20-23과내외,빨간사과 4kg 중과 20-23과내외,과일,과일류,중,4kg,,,,빨간사과4kg중과2023과내외
,빨간사과 4kg 중대과 16-19과내외,빨간사과 4kg 중대과 16-19과내외,과일,과일류,중,4kg,,,,빨간사과4kg중대과1619과내외
,빨간사과 4kg 대과 12-15과내외,빨간사과 4kg 대과 12-15과내외,과일,과일류,,4kg,,,,빨간사과4kg대과1215과내외
,빨간사과 5kg / 꼬마소과 / 60과내외,빨간사과 5kg,과일,과일류,,5kg,,,,빨간사과5kg
,빨간사과 5kg 소과 35-40과내외,빨간사과 5kg 소과 35-40과내외,과일,과일류,,5kg,,,,빨간사과5kg소과3540과내외
,빨간사과 5kg 중소과 30-34과내외,빨간사과 5kg 중소과 30-34과내외,과일,과일류,중,5kg,,,,빨간사과5kg중소과3034과내외
,빨간사과 5kg 중과 25-29과내외,빨간사과 5kg 중과 25-29과내외,과일,과일류,중,5kg,,,,빨간사과5kg중과2529과내외
,빨간사과 5kg 중대과 20-24과내외,빨간사과 5kg 중대과 20-24과내외,과일,과일류,중,5kg,,,,빨간사과5kg중대과2024과내외
,빨간사과 5kg 대과 15-19과내외,빨간사과 5kg 대과 15-19과내외,과일,과일류,,5kg,,,,빨간사과5kg대과1519과내외
,사과 2kg 쥬스용 혼합과,사과 2kg 쥬스용 혼합과,과일,과채가공품,,2kg,,,,사과2kg쥬스용혼합과
,사과 3kg 쥬스용 혼합과,사과 3kg 쥬스용 혼합과,과일,과채가공품,,3kg,,,,사과3kg쥬스용혼합과
,사과 4kg 쥬스용 혼합과,사과 4kg 쥬스용 혼합과,과일,과채가공품,,4kg,,,,사과4kg쥬스용혼합과
,사과 5kg 쥬스용 혼합과,사과 5kg 쥬스용 혼합과,과일,과채가공품,,5kg,,,,사과5kg쥬스용혼합과
,사과 6kg 쥬스용 혼합과,사과 6kg 쥬스용 혼합과,과일,과채가공품,,6kg,,,,사과6kg쥬스용혼합과
,사과 7kg 쥬스용 혼합과,사과 7kg 쥬스용 혼합과,과일,과채가공품,,7kg,,,,사과7kg쥬스용혼합과
,사과 8kg 쥬스용 혼합과,사과 8kg 쥬스용 혼합과,과일,과채가공품,,8kg,,,,사과8kg쥬스용혼합과
,가정용 25년 배 3kg 소과 / 10-15과,가정용 25년 배 3kg 소과,과일,과일류,가정용,3kg|15과,,,,가정용25년배3kg소과
,가정용 25년 배 3kg 중소과 / 7-9과 내외,가정용 25년 배 3kg 중소과,과일,과일류,가정용,3kg|9과,,,,가정용25년배3kg중소과
,가정용 25년 배 3kg / 중대과 / 4-6과,가정용 25년 배 3kg,과일,과일류,가정용,3kg|6과,,,,가정용25년배3kg
,가정용 25년 배 5kg / 소과 / 16-25과,가정용 25년 배 5kg,과일,과일류,가정용,5kg|25과,,,,가정용25년배5kg
,가정용 25년 배 5kg / 중소과 / 11-14과 내외,가정용 25년 배 5kg,과일,과일류,가정용,5kg|14과,,,,가정용25년배5kg
,가정용 25년 배 5kg / 중대과 / 6-10과,가정용 25년 배 5kg,과일,과일류,가정용,5kg|10과,,,,가정용25년배5kg
,부사 1kg / 혼합과 / 8과내외,부사 1kg,미분류,미분류,,1kg,,,,부사1kg
,부사 2kg / 소과 / 15과 내외,부사 2kg,미분류,미분류,,2kg|15과,,,,부사2kg
,부사 2kg / 중소과/ 13과 내외,부사 2kg,미분류,미분류,중,2kg|13과,,,,부사2kg
,부사 2kg / 중과 / 11과 내외,부사 2kg,미분류,미분류,중,2kg|11과,,,,부사2kg
,부사 2kg / 중대과 / 9과 내외,부사 2kg,미분류,미분류,중,2kg|9과,,,,부사2kg
,부사 2kg / 대과 / 7과 내외,부사 2kg,미분류,미분류,,2kg|7과,,,,부사2kg
,부사 3kg / 소과 / 23과 내외,부사 3kg,미분류,미분류,,3kg|23과,,,,부사3kg
,부사 3kg / 중소과 / 21과 내외,부사 3kg,미분류,미분류,중,3kg|21과,,,,부사3kg
,부사 3kg / 중과 / 17과 내외,부사 3kg,미분류,미분류,중,3kg|17과,,,,부사3kg
,부사 3kg / 중대과 / 14과 내외,부사 3kg,미분류,미분류,중,3kg|14과,,,,부사3kg
,부사 3kg / 대과 / 12과 내외,부사 3kg,미분류,미분류,,3kg|12과,,,,부사3kg
,부사 4kg / 소과 / 30과 내외,부사 4kg,미분류,미분류,,4kg|30과,,,,부사4kg
,부사 4kg / 중소과 / 27과 내외,부사 4kg,미분류,미분류,중,4kg|27과,,,,부사4kg
,부사 4kg / 중과 / 23과 내외,부사 4kg,미분류,미분류,중,4kg|23과,,,,부사4kg
,부사 4kg / 중대과 / 19과 내외,부사 4kg,미분류,미분류,중,4kg|19과,,,,부사4kg
,부사 4kg / 대과 / 15과 내외,부사 4kg,미분류,미분류,,4kg|15과,,,,부사4kg
,부사 5kg / 소과 / 40과 내외,부사 5kg,미분류,미분류,,5kg|40과,,,,부사5kg
,부사 5kg / 중소과 / 34과 내외,부사 5kg,미분류,미분류,중,5kg|34과,,,,부사5kg
,부사 5kg / 중과 / 30과 내외,부사 5kg,미분류,미분류,중,5kg|30과,,,,부사5kg
,부사 5kg / 중대과 / 24과 내외,부사 5kg,미분류,미분류,중,5kg|24과,,,,부사5kg
,부사 5kg / 대과 / 20과 내외,부사 5kg,미분류,미분류,,5kg|20과,,,,부사5kg
,부사 7kg / 소과 / 52과내외,부사 7kg,미분류,미분류,,7kg,,,,부사7kg
,부사 7kg / 중소과 / 45과내외,부사 7kg,미분류,미분류,중,7kg,,,,부사7kg
,부사 7kg / 중과 / 40과내외,부사 7kg,미분류,미분류,중,7kg,,,,부사7kg
,부사 7kg / 중대과 / 35과내외,부사 7kg,미분류,미분류,중,7kg,,,,부사7kg
,부사 7kg / 대과 / 32과내외,부사 7kg,미분류,미분류,,7kg,,,,부사7kg
,부사 8kg / 소과 / 60과 내외,부사 8kg,미분류,미분류,,8kg|60과,,,,부사8kg
,부사 8kg / 중소과 / 54과 내외,부사 8kg,미분류,미분류,중,8kg|54과,,,,부사8kg
,부사 8kg / 중과 / 47과 내외,부사 8kg,미분류,미분류,중,8kg|47과,,,,부사8kg
,부사 8kg / 중대과 / 37과 내외,부사 8kg,미분류,미분류,중,8kg|37과,,,,부사8kg
,부사 8kg / 대과 / 31과 내외,부사 8kg,미분류,미분류,,8kg|31과,,,,부사8kg
,하우스 수박 (정품) 겨울수박 3-4kg,하우스 수박 (정품) 겨울수박 3-4kg,과일,미분류,하,4kg,,,,하우스수박정품겨울수박34kg
,하우스 수박 (정품) 겨울수박 4-5kg,하우스 수박 (정품) 겨울수박 4-5kg,과일,미분류,하,5kg,,,,하우스수박정품겨울수박45kg
,하우스 수박 (정품) 겨울수박 5-6kg,하우스 수박 (정품) 겨울수박 5-6kg,과일,미분류,하,6kg,,,,하우스수박정품겨울수박56kg
,당조고추 500g,당조고추 500g,미분류,미분류,,500g,,,,당조고추500g
,당조고추 1kg,당조고추 1kg,미분류,미분류,,1kg,,,,당조고추1kg
,당조고추 2kg,당조고추 2kg,미분류,미분류,,2kg,,,,당조고추2kg
,당조고추 3kg,당조고추 3kg,미분류,미분류,,3kg,,,,당조고추3kg
,당조고추 5kg,당조고추 5kg,미분류,미분류,,5kg,,,,당조고추5kg
,백오이 1kg,백오이 1kg,채소,미분류,,1kg,,,,백오이1kg
,백오이 2kg,백오이 2kg,채소,미분류,,2kg,,,,백오이2kg
,백오이 3kg,백오이 3kg,채소,미분류,,3kg,,,,백오이3kg
,백오이 4kg,백오이 4kg,채소,미분류,,4kg,,,,백오이4kg
,백오이 5kg,백오이 5kg,채소,미분류,,5kg,,,,백오이5kg
,백오이 7kg,백오이 7kg,채소,미분류,,7kg,,,,백오이7kg
,백오이 10kg,백오이 10kg,채소,미분류,,10kg,,,,백오이10kg
,미니오이 500g,미니오이 500g,채소,미분류,,500g,,,,미니오이500g
,미니오이 1kg,미니오이 1kg,채소,미분류,,1kg,,,,미니오이1kg
,미니오이 2kg,미니오이 2kg,채소,미분류,,2kg,,,,미니오이2kg
,파프리카 1kg,파프리카 1kg,미분류,미분류,,1kg,,,,파프리카1kg
,파프리카 1.5kg,파프리카 1.5kg,미분류,미분류,,1.5kg,,,,파프리카15kg
,파프리카 2kg,파프리카 2kg,미분류,미분류,,2kg,,,,파프리카2kg
,파프리카 2.5kg,파프리카 2.5kg,미분류,미분류,,2.5kg,,,,파프리카25kg
,파프리카 3kg,파프리카 3kg,미분류,미분류,,3kg,,,,파프리카3kg
,파프리카 3.5kg,파프리카 3.5kg,미분류,미분류,,3.5kg,,,,파프리카35kg
,파프리카 4kg,파프리카 4kg,미분류,미분류,,4kg,,,,파프리카4kg
,파프리카 4.5kg,파프리카 4.5kg,미분류,미분류,,4.5kg,,,,파프리카45kg
,파프리카 5kg,파프리카 5kg,미분류,미분류,,5kg,,,,파프리카5kg
,송화고버섯 못난이 / 500g,송화고버섯 못난이,채소,채소류,못난이,500g,,,,송화고버섯못난이
,송화고버섯 못난이 / 1kg,송화고버섯 못난이,채소,채소류,못난이,1kg,,,,송화고버섯못난이
,송화고버섯 일반 / 500g,송화고버섯 일반,채소,채소류,,500g,,,,송화고버섯일반
,송화고버섯 일반 / 1kg,송화고버섯 일반,채소,채소류,,1kg,,,,송화고버섯일반
,[손질]아위머쉬버섯 [300g/2팩],[손질]아위머쉬버섯 [300g,채소,신선편의식품,,300g|2팩,,팩,,손질아위머쉬버섯300g
,[손질]아위머쉬버섯 [300g/4팩],[손질]아위머쉬버섯 [300g,채소,신선편의식품,,300g|4팩,,팩,,손질아위머쉬버섯300g
,[손질]아위머쉬버섯 [300g/8팩],[손질]아위머쉬버섯 [300g,채소,신선편의식품,,300g|8팩,,팩,,손질아위머쉬버섯300g
,[손질]블랙아위머쉬버섯 [300g/2팩],[손질]블랙아위머쉬버섯 [300g,채소,신선편의식품,,300g|2팩,,팩,,손질블랙아위머쉬버섯300g
,[손질]블랙아위머쉬버섯 [300g/4팩],[손질]블랙아위머쉬버섯 [300g,채소,신선편의식품,,300g|4팩,,팩,,손질블랙아위머쉬버섯300g
,[손질]블랙아위머쉬버섯 [300g/8팩],[손질]블랙아위머쉬버섯 [300g,채소,신선편의식품,,300g|8팩,,팩,,손질블랙아위머쉬버섯300g
,[손질]아위+블랙머쉬버섯 [300g/1팩+1팩/합2팩],[손질]아위+블랙머쉬버섯 [300g,채소,신선편의식품,,300g|1팩|1팩,,팩,,손질아위블랙머쉬버섯300g
,[손질]아위+블랙머쉬버섯 [300g/2팩+2팩/합4팩],[손질]아위+블랙머쉬버섯 [300g,채소,신선편의식품,,300g|2팩|2팩,,팩,,손질아위블랙머쉬버섯300g
,호박고구마 (세척) 한입 / 2kg / 20~50g,호박고구마 (세척) 한입,채소,채소류,,2kg|50g,,,,호박고구마세척한입
,호박고구마 (세척) 한입 / 3kg / 20~50g,호박고구마 (세척) 한입,채소,채소류,,3kg|50g,,,,호박고구마세척한입
,호박고구마 (세척) 한입 / 5kg / 20~50g,호박고구마 (세척) 한입,채소,채소류,,5kg|50g,,,,호박고구마세척한입
,호박고구마 (세척) 한입 / 10kg / 20~50g,호박고구마 (세척) 한입,채소,채소류,,10kg|50g,,,,호박고구마세척한입
,호박고구마 (세척) 중 / 2kg / 50~100g,호박고구마 (세척) 중,채소,채소류,중,2kg|100g,,,,호박고구마세척중
,호박고구마 (세척) 중 / 3kg / 50~100g,호박고구마 (세척) 중,채소,채소류,중,3kg|100g,,,,호박고구마세척중
,호박고구마 (세척) 중 / 5kg / 50~100g,호박고구마 (세척) 중,채소,채소류,중,5kg|100g,,,,호박고구마세척중
,호박고구마 (세척) 중 / 10kg / 50~100g,호박고구마 (세척) 중,채소,채소류,중,10kg|100g,,,,호박고구마세척중
,호박고구마 (세척) 특상 / 2kg / 100~300g,호박고구마 (세척) 특상,채소,채소류,특상,2kg|300g,,,,호박고구마세척특상
,호박고구마 (세척) 특상 / 3kg / 100~300g,호박고구마 (세척) 특상,채소,채소류,특상,3kg|300g,,,,호박고구마세척특상
,호박고구마 (세척) 특상 / 5kg / 100~300g,호박고구마 (세척) 특상,채소,채소류,특상,5kg|300g,,,,호박고구마세척특상
,호박고구마 (세척) 특상 / 10kg / 100~300g,호박고구마 (세척) 특상,채소,채소류,특상,10kg|300g,,,,호박고구마세척특상
,호박고구마 (세척) 대 / 2kg / 개당 300g 이상,호박고구마 (세척) 대,채소,채소류,상,2kg|300g,,,,호박고구마세척대
,호박고구마 (세척) 대 / 3kg / 개당 300g 이상,호박고구마 (세척) 대,채소,채소류,상,3kg|300g,,,,호박고구마세척대
,호박고구마 (세척) 대 / 5kg / 개당 300g 이상,호박고구마 (세척) 대,채소,채소류,상,5kg|300g,,,,호박고구마세척대
,호박고구마 (세척) 대 / 10kg / 개당 300g 이상,호박고구마 (세척) 대,채소,채소류,상,10kg|300g,,,,호박고구마세척대
,꿀밤고구마 (세척) 2kg / 한입 / 개당 20-50g,꿀밤고구마 (세척) 2kg,채소,채소류,,2kg|50g,,,,꿀밤고구마세척2kg
,꿀밤고구마 (세척) 2kg / 중 / 개당 50-100g,꿀밤고구마 (세척) 2kg,채소,채소류,중,2kg|100g,,,,꿀밤고구마세척2kg
,꿀밤고구마 (세척) 2kg / 특상 / 개당 100-300g,꿀밤고구마 (세척) 2kg,채소,채소류,특상,2kg|300g,,,,꿀밤고구마세척2kg
,꿀밤고구마 (세척) 2kg / 대 / 개당 300g 이상,꿀밤고구마 (세척) 2kg,채소,채소류,상,2kg|300g,,,,꿀밤고구마세척2kg
,꿀밤고구마 (세척) 3kg / 한입 / 개당 20-50g,꿀밤고구마 (세척) 3kg,채소,채소류,,3kg|50g,,,,꿀밤고구마세척3kg
,꿀밤고구마 (세척) 3kg / 중 / 개당 50-100g,꿀밤고구마 (세척) 3kg,채소,채소류,중,3kg|100g,,,,꿀밤고구마세척3kg
,꿀밤고구마 (세척) 3kg / 특상 / 개당 100-300g,꿀밤고구마 (세척) 3kg,채소,채소류,특상,3kg|300g,,,,꿀밤고구마세척3kg
,꿀밤고구마 (세척) 3kg / 대 / 개당 300g 이상,꿀밤고구마 (세척) 3kg,채소,채소류,상,3kg|300g,,,,꿀밤고구마세척3kg
,꿀밤고구마 (세척) 5kg / 한입 / 개당 20-50g,꿀밤고구마 (세척) 5kg,채소,채소류,,5kg|50g,,,,꿀밤고구마세척5kg
,꿀밤고구마 (세척) 5kg / 중 / 개당 50-100g,꿀밤고구마 (세척) 5kg,채소,채소류,중,5kg|100g,,,,꿀밤고구마세척5kg
,꿀밤고구마 (세척) 5kg / 특상 / 개당 100-300g,꿀밤고구마 (세척) 5kg,채소,채소류,특상,5kg|300g,,,,꿀밤고구마세척5kg
,꿀밤고구마 (세척) 5kg / 대 / 개당 300g 이상,꿀밤고구마 (세척) 5kg,채소,채소류,상,5kg|300g,,,,꿀밤고구마세척5kg
,꿀밤고구마 (세척) 10kg / 한입 / 개당 20-50g,꿀밤고구마 (세척) 10kg,채소,채소류,,10kg|50g,,,,꿀밤고구마세척10kg
,꿀밤고구마 (세척) 10kg / 중 / 개당 50-100g,꿀밤고구마 (세척) 10kg,채소,채소류,중,10kg|100g,,,,꿀밤고구마세척10kg
,꿀밤고구마 (세척) 10kg / 특상 / 개당 100-300g,꿀밤고구마 (세척) 10kg,채소,채소류,특상,10kg|300g,,,,꿀밤고구마세척10kg
,꿀밤고구마 (세척) 10kg / 대 / 개당 300g 이상,꿀밤고구마 (세척) 10kg,채소,채소류,상,10kg|300g,,,,꿀밤고구마세척10kg
,약도라지 흙약도라지 / 실속 / 3kg,약도라지 흙약도라지,미분류,미분류,,3kg,,,,약도라지흙약도라지
,약도라지 흙약도라지 / 실속 / 2kg,약도라지 흙약도라지,미분류,미분류,,2kg,,,,약도라지흙약도라지
,약도라지 흙약도라지 / 실속 / 1kg,약도라지 흙약도라지,미분류,미분류,,1kg,,,,약도라지흙약도라지
,약도라지 흙약도라지 / 상품 / 3kg,약도라지 흙약도라지,미분류,미분류,상,3kg,,,,약도라지흙약도라지
,약도라지 흙약도라지 / 상품 / 2kg,약도라지 흙약도라지,미분류,미분류,상,2kg,,,,약도라지흙약도라지
,약도라지 흙약도라지 / 상품 / 1kg,약도라지 흙약도라지,미분류,미분류,상,1kg,,,,약도라지흙약도라지
,세척약도라지 / 실속 / 3kg,세척약도라지,미분류,미분류,,3kg,,,,세척약도라지
,세척약도라지 / 실속 / 2kg,세척약도라지,미분류,미분류,,2kg,,,,세척약도라지
,세척약도라지 / 실속 / 1kg,세척약도라지,미분류,미분류,,1kg,,,,세척약도라지
,세척약도라지 / 상품 / 3kg,세척약도라지,미분류,미분류,상,3kg,,,,세척약도라지
,세척약도라지 / 상품 / 2kg,세척약도라지,미분류,미분류,상,2kg,,,,세척약도라지
,세척약도라지 / 상품 / 1kg,세척약도라지,미분류,미분류,상,1kg,,,,세척약도라지
,흙생강[알뜰] 500g,흙생강[알뜰] 500g,미분류,미분류,,500g,,,,흙생강알뜰500g
,흙생강[특품] 500g,흙생강[특품] 500g,미분류,미분류,특품,500g,,,,흙생강특품500g
,세척생강[알뜰] 500g,세척생강[알뜰] 500g,미분류,미분류,,500g,,,,세척생강알뜰500g
,세척생강[특품] 500g,세척생강[특품] 500g,미분류,미분류,특품,500g,,,,세척생강특품500g
,흙생강[알뜰] 1kg,흙생강[알뜰] 1kg,미분류,미분류,,1kg,,,,흙생강알뜰1kg
,흙생강[특품] 1kg,흙생강[특품] 1kg,미분류,미분류,특품,1kg,,,,흙생강특품1kg
,세척생강[알뜰] 1kg,세척생강[알뜰] 1kg,미분류,미분류,,1kg,,,,세척생강알뜰1kg
,세척생강[특품] 1kg,세척생강[특품] 1kg,미분류,미분류,특품,1kg,,,,세척생강특품1kg
,흙생강[알뜰] 2kg,흙생강[알뜰] 2kg,미분류,미분류,,2kg,,,,흙생강알뜰2kg
,흙생강[특품] 2kg,흙생강[특품] 2kg,미분류,미분류,특품,2kg,,,,흙생강특품2kg
,세척생강[알뜰] 2kg,세척생강[알뜰] 2kg,미분류,미분류,,2kg,,,,세척생강알뜰2kg
,세척생강[특품] 2kg,세척생강[특품] 2kg,미분류,미분류,특품,2kg,,,,세척생강특품2kg
,국내산 백태콩 1kg,국내산 백태콩 1kg,쌀/잡곡,미분류,,1kg,국내산,,,국내산백태콩1kg
,국내산 백태콩 2kg,국내산 백태콩 2kg,쌀/잡곡,미분류,,2kg,국내산,,,국내산백태콩2kg
,국내산 깐마늘 중 / 500g,국내산 깐마늘 중,채소,채소류,중,500g,국내산,,,국내산깐마늘중
,국내산 깐마늘 대 / 500g,국내산 깐마늘 대,채소,채소류,,500g,국내산,,,국내산깐마늘대
,국내산 깐마늘 중 / 500g* 2팩,국내산 깐마늘 중,채소,채소류,중,500g|2팩,국내산,팩,,국내산깐마늘중
,국내산 깐마늘 대 / 500g* 2팩,국내산 깐마늘 대,채소,채소류,,500g|2팩,국내산,팩,,국내산깐마늘대
,국내산 깐마늘 중 / 1kg,국내산 깐마늘 중,채소,채소류,중,1kg,국내산,,,국내산깐마늘중
,국내산 깐마늘 대 / 1kg,국내산 깐마늘 대,채소,채소류,,1kg,국내산,,,국내산깐마늘대
,국내산 깐마늘 중 / 1kg * 2팩,국내산 깐마늘 중,채소,채소류,중,1kg|2팩,국내산,팩,,국내산깐마늘중
,국내산 깐마늘 대 / 1kg* 2팩,국내산 깐마늘 대,채소,채소류,,1kg|2팩,국내산,팩,,국내산깐마늘대
,국내산 깐마늘 중 / 500g* 3팩,국내산 깐마늘 중,채소,채소류,중,500g|3팩,국내산,팩,,국내산깐마늘중
,국내산 깐마늘 대 / 500g* 3팩,국내산 깐마늘 대,채소,채소류,,500g|3팩,국내산,팩,,국내산깐마늘대
,공주밤 1kg (대),공주밤 1kg (대),미분류,미분류,,1kg,,,,공주밤1kg대
,공주밤 2kg (대),공주밤 2kg (대),미분류,미분류,,2kg,,,,공주밤2kg대
,공주밤 3kg (대),공주밤 3kg (대),미분류,미분류,,3kg,,,,공주밤3kg대
,공주밤 5kg (대),공주밤 5kg (대),미분류,미분류,,5kg,,,,공주밤5kg대
,25년 영주 햇 산약마 단마 가정용 1kg 혼합과,25년 영주 햇 산약마 단마 가정용 1kg 혼합과,미분류,미분류,가정용,1kg,,,,25년영주햇산약마단마가정용1kg혼합과
,25년 영주 햇 산약마 단마 가정용 2kg 혼합과,25년 영주 햇 산약마 단마 가정용 2kg 혼합과,미분류,미분류,가정용,2kg,,,,25년영주햇산약마단마가정용2kg혼합과
,25년 영주 햇 산약마 단마 가정용 3kg 혼합과,25년 영주 햇 산약마 단마 가정용 3kg 혼합과,미분류,미분류,가정용,3kg,,,,25년영주햇산약마단마가정용3kg혼합과
,25년 영주 햇 산약마 단마 가정용 4kg 혼합과,25년 영주 햇 산약마 단마 가정용 4kg 혼합과,미분류,미분류,가정용,4kg,,,,25년영주햇산약마단마가정용4kg혼합과
,25년 영주 햇 산약마 단마 가정용 5kg 혼합과,25년 영주 햇 산약마 단마 가정용 5kg 혼합과,미분류,미분류,가정용,5kg,,,,25년영주햇산약마단마가정용5kg혼합과
,25년 영주 햇 산약마 단마 가정용 10kg 혼합과,25년 영주 햇 산약마 단마 가정용 10kg 혼합과,미분류,미분류,가정용,10kg,,,,25년영주햇산약마단마가정용10kg혼합과
,스테비아 완숙토마토 1.6kg,스테비아 완숙토마토 1.6kg,과일,과일류,,1.6kg,,,,스테비아완숙토마토16kg
,스테비아 완숙토마토 3.2kg,스테비아 완숙토마토 3.2kg,과일,과일류,,3.2kg,,,,스테비아완숙토마토32kg
,스테비아 감자 1.6kg,스테비아 감자 1.6kg,채소,채소류,,1.6kg,,,,스테비아감자16kg
,스테비아 감자 3.2kg,스테비아 감자 3.2kg,채소,채소류,,3.2kg,,,,스테비아감자32kg
,삶은 냉동 우거지 10kg,삶은 냉동 우거지 10kg,냉장/냉동/간편요리,미분류,,10kg,,,냉동,삶은냉동우거지10kg
,삶은 냉동 우거지 20kg,삶은 냉동 우거지 20kg,냉장/냉동/간편요리,미분류,,20kg,,,냉동,삶은냉동우거지20kg
,[제휴A] 무농약 샐러드 채소 1kg,[제휴A] 무농약 샐러드 채소 1kg,채소,신선편의식품,A,1kg,,,,제휴a무농약샐러드채소1kg
,[제휴A] 스테비아 대추방울토망고 (500g*4팩),[제휴A] 스테비아 대추방울토망고 (500g*4팩),미분류,미분류,A,500g|4팩,,망,,제휴a스테비아대추방울토망고500g4팩
,제주 양배추 3kg내외,제주 양배추 3kg내외,과일,과일류,,,제주,,,제주양배추3kg내외
,제주 양배추 5kg내외,제주 양배추 5kg내외,과일,과일류,,,제주,,,제주양배추5kg내외
,26년 햇감자 / 2kg / 대 / 70-100g,26년 햇감자,채소,채소류,,2kg|100g,,,,26년햇감자
,26년 햇감자 / 3kg / 대 / 70-100g,26년 햇감자,채소,채소류,,3kg|100g,,,,26년햇감자
,26년 햇감자 / 5kg / 대 / 70-100g,26년 햇감자,채소,채소류,,5kg|100g,,,,26년햇감자
,26년 햇감자 / 10kg / 대 / 70-100g,26년 햇감자,채소,채소류,,10kg|100g,,,,26년햇감자
,홍찰옥수수 / 대 / 12~14cm 내외 / 10개,홍찰옥수수,쌀/잡곡,미분류,,10개,,,,홍찰옥수수
,홍찰옥수수 / 대 / 12~14cm 내외 / 20개,홍찰옥수수,쌀/잡곡,미분류,,20개,,,,홍찰옥수수
,홍찰옥수수 / 특 / 14~16cm 내외 / 10개,홍찰옥수수,쌀/잡곡,미분류,특,10개,,,,홍찰옥수수
,홍찰옥수수 / 특 / 14~16cm 내외 / 10개,홍찰옥수수,쌀/잡곡,미분류,특,10개,,,,홍찰옥수수
,홍찰옥수수 / 특 / 14~16cm 내외 / 20개,홍찰옥수수,쌀/잡곡,미분류,특,20개,,,,홍찰옥수수
,홍찰옥수수 / 특 / 14~16cm 내외 / 30개,홍찰옥수수,쌀/잡곡,미분류,특,30개,,,,홍찰옥수수
,홍찰옥수수 / 왕특 / 16~18cm 내외 / 10개,홍찰옥수수,쌀/잡곡,미분류,특,10개,,,,홍찰옥수수
,홍찰옥수수 / 왕특 / 16~18cm 내외 / 20개,홍찰옥수수,쌀/잡곡,미분류,특,20개,,,,홍찰옥수수
,홍찰옥수수 / 왕특 / 16~18cm 내외 / 30개,홍찰옥수수,쌀/잡곡,미분류,특,30개,,,,홍찰옥수수
,백찰옥수수 / 특 / 13~15cm 내외 / 10개,백찰옥수수,쌀/잡곡,미분류,특,10개,,,,백찰옥수수
,백찰옥수수 / 특 / 13~15cm 내외 / 20개,백찰옥수수,쌀/잡곡,미분류,특,20개,,,,백찰옥수수
,백찰옥수수 / 특 / 13~15cm 내외 / 30개,백찰옥수수,쌀/잡곡,미분류,특,30개,,,,백찰옥수수
,백찰옥수수 / 왕특 / 15~17cm 내외 / 10개,백찰옥수수,쌀/잡곡,미분류,특,10개,,,,백찰옥수수
,백찰옥수수 / 왕특 / 15~17cm 내외 / 20개,백찰옥수수,쌀/잡곡,미분류,특,20개,,,,백찰옥수수
,백찰옥수수 / 왕특 / 15~17cm 내외 / 30개,백찰옥수수,쌀/잡곡,미분류,특,30개,,,,백찰옥수수
,샐러리 일반 상품 1kg,샐러리 일반 상품 1kg,미분류,미분류,상,1kg,,,,샐러리일반상품1kg
,샐러리 일반 상품 2kg,샐러리 일반 상품 2kg,미분류,미분류,상,2kg,,,,샐러리일반상품2kg
,샐러리 일반 상품 3kg,샐러리 일반 상품 3kg,미분류,미분류,상,3kg,,,,샐러리일반상품3kg
,칠레 아보카도 대과 10과,칠레 아보카도 대과 10과,미분류,미분류,,10과,,,,칠레아보카도대과10과
,칠레 아보카도 대과 20과,칠레 아보카도 대과 20과,미분류,미분류,,20과,,,,칠레아보카도대과20과
,자몽 소과 / 5개,자몽 소과,미분류,미분류,,5개,,,,자몽소과
,자몽 소과 / 10개,자몽 소과,미분류,미분류,,10개,,,,자몽소과
,자몽 소과 / 24개,자몽 소과,미분류,미분류,,24개,,,,자몽소과
,자몽 중과 / 5개,자몽 중과,미분류,미분류,중,5개,,,,자몽중과
,자몽 중과 / 10개,자몽 중과,미분류,미분류,중,10개,,,,자몽중과
,자몽 중과 / 22개,자몽 중과,미분류,미분류,중,22개,,,,자몽중과
,자몽 대과 / 5개,자몽 대과,미분류,미분류,,5개,,,,자몽대과
,자몽 대과 / 10개,자몽 대과,미분류,미분류,,10개,,,,자몽대과
,자몽 대과 / 20개,자몽 대과,미분류,미분류,,20개,,,,자몽대과
,자몽 대과 / 45개,자몽 대과,미분류,미분류,,45개,,,,자몽대과
,반건조 박대 중 5미(진공) 26-28cm,반건조 박대 중 5미(진공) 26-28cm,미분류,미분류,중,,,,,반건조박대중5미진공2628cm
,반건조 박대 중 10미(진공) 26-28cm,반건조 박대 중 10미(진공) 26-28cm,미분류,미분류,중,,,,,반건조박대중10미진공2628cm
,반건조 박대 대 5미(진공) 28-30cm,반건조 박대 대 5미(진공) 28-30cm,미분류,미분류,,,,,,반건조박대대5미진공2830cm
,반건조 박대 대 10미(진공) 28-30cm,반건조 박대 대 10미(진공) 28-30cm,미분류,미분류,,,,,,반건조박대대10미진공2830cm
,조미오징어다리 / 납작 숏다리 200g,조미오징어다리,수산물/건어물,미분류,,200g,,,,조미오징어다리
,조미오징어망족 / 추억의 문어발 200g,조미오징어망족,수산물/건어물,미분류,,200g,,망,,조미오징어망족
,조미오징어포 / 철판 맥반석 오징어 250g,조미오징어포,수산물/건어물,미분류,,250g,,,,조미오징어포
,명태알포 200g,명태알포 200g,미분류,미분류,,200g,,,,명태알포200g
,수작 맥반석 오징어 채 180g,수작 맥반석 오징어 채 180g,수산물/건어물,미분류,,180g,,,,수작맥반석오징어채180g
,조미아귀포 / 원형아귀포 230g,조미아귀포,미분류,미분류,,230g,,,,조미아귀포
,구운 전통 대쥐포 1장,구운 전통 대쥐포 1장,미분류,미분류,,,,,,구운전통대쥐포1장
,구운 전통 대쥐포 5장,구운 전통 대쥐포 5장,미분류,미분류,,,,,,구운전통대쥐포5장
,구운 전통 대쥐포 10장,구운 전통 대쥐포 10장,미분류,미분류,,,,,,구운전통대쥐포10장
,구운 전통 대쥐포 20장,구운 전통 대쥐포 20장,미분류,미분류,,,,,,구운전통대쥐포20장
,하우스 천혜향 특품 벌크 중소과 / 3kg / 10-23과,하우스 천혜향 특품 벌크 중소과,과일,미분류,하,3kg|23과,,벌크,,하우스천혜향특품벌크중소과
,하우스 천혜향 특품 벌크 중소과 / 5kg / 18-41과,하우스 천혜향 특품 벌크 중소과,과일,미분류,하,5kg|41과,,벌크,,하우스천혜향특품벌크중소과
,하우스 천혜향 특품 벌크 중소과 / 10kg / 36-82과,하우스 천혜향 특품 벌크 중소과,과일,미분류,하,10kg|82과,,벌크,,하우스천혜향특품벌크중소과
,생고기(뭉티기) 뭉티기 120g,생고기(뭉티기) 뭉티기 120g,미분류,미분류,,120g,,,,생고기뭉티기뭉티기120g
,생고기(뭉티기) 뭉티기 250g,생고기(뭉티기) 뭉티기 250g,미분류,미분류,,250g,,,,생고기뭉티기뭉티기250g
,생고기(뭉티기) 차돌 사시미 200g,생고기(뭉티기) 차돌 사시미 200g,미분류,미분류,,200g,,,,생고기뭉티기차돌사시미200g
,생고기(육회) 한우육회 300g,생고기(육회) 한우육회 300g,축산/계란,미분류,,300g,,,,생고기육회한우육회300g
,등안 선물세트 500g (등심300g+안심200g/아이스박스+부직포가방),등안 선물세트 500g (등심300g+안심200g,미분류,미분류,,500g,,박스,,등안선물세트500g등심300g안심200g
,등안채 선물세트 800g (등심400g+안심200g+채끝200g/아이스박스+부직포가방),등안채 선물세트 800g (등심400g+안심200g+채끝200g,미분류,미분류,,800g,,박스,,등안채선물세트800g등심400g안심200g채끝200g
,등안갈 선물세트 800g (등심400g+안심200g+갈비살200g/아이스박스+부직포가방),등안갈 선물세트 800g (등심400g+안심200g+갈비살200g,미분류,미분류,,800g,,박스,,등안갈선물세트800g등심400g안심200g갈비살200g
,영주별사과(특) 9입 선물세트 대과 (850g),영주별사과(특) 9입 선물세트 대과 (850g),과일,과일류,특,9입|850g,,,,영주별사과특9입선물세트대과850g
,영주별사과 알뜰용 9입 선물세트 중과 (630g),영주별사과 알뜰용 9입 선물세트 중과 (630g),과일,과일류,중,9입|630g,,,,영주별사과알뜰용9입선물세트중과630g
,영주별사과 알뜰용 9입 선물세트 대과 (810g),영주별사과 알뜰용 9입 선물세트 대과 (810g),과일,과일류,,9입|810g,,,,영주별사과알뜰용9입선물세트대과810g
,고당도 햇 윈터프린스 중과 3kg (16-20과),고당도 햇 윈터프린스 중과 3kg (16-20과),미분류,미분류,중,3kg|20과,,,,고당도햇윈터프린스중과3kg1620과
,고당도 햇 윈터프린스 대과 3kg (9-15과),고당도 햇 윈터프린스 대과 3kg (9-15과),미분류,미분류,,3kg|15과,,,,고당도햇윈터프린스대과3kg915과
,고당도 햇 윈터프린스 중과 5kg (26-34과),고당도 햇 윈터프린스 중과 5kg (26-34과),미분류,미분류,중,5kg|34과,,,,고당도햇윈터프린스중과5kg2634과
,고당도 햇 윈터프린스 대과 5kg (16-25과),고당도 햇 윈터프린스 대과 5kg (16-25과),미분류,미분류,,5kg|25과,,,,고당도햇윈터프린스대과5kg1625과
,베니하루카 꿀고구마 중상2kg(비세척),베니하루카 꿀고구마 중상2kg(비세척),채소,채소류,하,,,,,베니하루카꿀고구마중상2kg비세척
,베니하루카 꿀고구마 중상3kg(비세척),베니하루카 꿀고구마 중상3kg(비세척),채소,채소류,하,,,,,베니하루카꿀고구마중상3kg비세척
,베니하루카 꿀고구마 중상5kg(비세척),베니하루카 꿀고구마 중상5kg(비세척),채소,채소류,하,,,,,베니하루카꿀고구마중상5kg비세척
,베니하루카 꿀고구마 중상10kg(비세척),베니하루카 꿀고구마 중상10kg(비세척),채소,채소류,하,,,,,베니하루카꿀고구마중상10kg비세척
,베니하루카 꿀고구마 특상2kg(비세척),베니하루카 꿀고구마 특상2kg(비세척),채소,채소류,하,,,,,베니하루카꿀고구마특상2kg비세척
,베니하루카 꿀고구마 특상3kg(비세척),베니하루카 꿀고구마 특상3kg(비세척),채소,채소류,하,,,,,베니하루카꿀고구마특상3kg비세척
,베니하루카 꿀고구마 특상5kg(비세척),베니하루카 꿀고구마 특상5kg(비세척),채소,채소류,하,,,,,베니하루카꿀고구마특상5kg비세척
,베니하루카 꿀고구마 특상10kg(비세척),베니하루카 꿀고구마 특상10kg(비세척),채소,채소류,하,,,,,베니하루카꿀고구마특상10kg비세척
,베니하루카 꿀고구마 대왕3kg(비세척),베니하루카 꿀고구마 대왕3kg(비세척),채소,채소류,하,,,,,베니하루카꿀고구마대왕3kg비세척
,베니하루카 꿀고구마 대왕5kg(비세척),베니하루카 꿀고구마 대왕5kg(비세척),채소,채소류,하,,,,,베니하루카꿀고구마대왕5kg비세척
,베니하루카 꿀고구마 대왕10kg(비세척),베니하루카 꿀고구마 대왕10kg(비세척),채소,채소류,하,,,,,베니하루카꿀고구마대왕10kg비세척
,국내산 시금치 500g,국내산 시금치 500g,채소,채소류,,500g,국내산,,,국내산시금치500g
,국내산 시금치 1kg,국내산 시금치 1kg,채소,채소류,,1kg,국내산,,,국내산시금치1kg
,국내산 시금치 2kg,국내산 시금치 2kg,채소,채소류,,2kg,국내산,,,국내산시금치2kg
,참송이 버섯 500g (가정용),참송이 버섯 500g (가정용),채소,채소류,가정용,500g,,,,참송이버섯500g가정용
,참송이 버섯 1kg (가정용),참송이 버섯 1kg (가정용),채소,채소류,가정용,1kg,,,,참송이버섯1kg가정용
,참송이버섯 건조 100g,참송이버섯 건조 100g,채소,채소류,,100g,,,,참송이버섯건조100g
,명품나주배선물세트7.5kg(7-10과),명품나주배선물세트7.5kg(7-10과),과일,과일류,,5kg|10과,,,,명품나주배선물세트75kg710과
,명품성환배선물세트 / 6과 / 620-680g,명품성환배선물세트,과일,과일류,,6과|680g,,,,명품성환배선물세트
,명품성환배선물세트 / 9과 / 620-680g,명품성환배선물세트,과일,과일류,,9과|680g,,,,명품성환배선물세트
,명품성환배선물세트 / 9과 / 480-570g,명품성환배선물세트,과일,과일류,,9과|570g,,,,명품성환배선물세트
,프리미엄 혼합 과일세트 - A01 / 사과(3) 배(3) 샤인머스켓(2) 골드망고(3) 애플망고(3),프리미엄 혼합 과일세트 - A01,과일,과일류,프리미엄,,,망,,프리미엄혼합과일세트a01
,프리미엄 혼합 과일세트 - A02 / 사과(3) 배(3) 샤인머스켓(2) 한라봉(3) 레드향(3),프리미엄 혼합 과일세트 - A02,과일,과일류,프리미엄,,,봉,,프리미엄혼합과일세트a02
,프리미엄 혼합 과일세트 - A03 / 사과(3) 배(3) 샤인머스켓(2) 자몽(3) 용과(3),프리미엄 혼합 과일세트 - A03,과일,과일류,프리미엄,,,,,프리미엄혼합과일세트a03
,프리미엄 혼합 과일세트 - A04 / 한라봉(3) 레드향(3) 샤인머스켓(2) 골드망고(3) 애플망고(3),프리미엄 혼합 과일세트 - A04,과일,미분류,프리미엄,,,봉,,프리미엄혼합과일세트a04
,프리미엄 혼합 과일세트 - A05 / 한라봉(3) 레드향(3) 샤인머스켓(2) 자몽(3) 용과(3),프리미엄 혼합 과일세트 - A05,과일,미분류,프리미엄,,,봉,,프리미엄혼합과일세트a05
,명품 사과 세트 / 6과 / 370-410g,명품 사과 세트,과일,과일류,,6과|410g,,,,명품사과세트
,명품 사과 세트 / 9과 / 300-360g,명품 사과 세트,과일,과일류,,9과|360g,,,,명품사과세트
,명품 사과 세트 / 9과 / 370-410g,명품 사과 세트,과일,과일류,,9과|410g,,,,명품사과세트
,"사과 애플망고 선물세트 / 사과(5), 애플망고(4)",사과 애플망고 선물세트,과일,과일류,,,,망,,사과애플망고선물세트
,"사과 한라봉 선물세트 / 사과(5), 한라봉(4)",사과 한라봉 선물세트,과일,과일류,,,,봉,,사과한라봉선물세트
,"사과 배 한라봉 선물세트 / 사과(3), 배(3), 한라봉(3)",사과 배 한라봉 선물세트,과일,과일류,,,,봉,,사과배한라봉선물세트
,애플망고 선물세트 / 애플망고(9),애플망고 선물세트,미분류,미분류,,,,망,,애플망고선물세트
,식물성 콜라겐 젤리 2개입 선물세트,식물성 콜라겐 젤리 2개입 선물세트,미분류,미분류,,,,,,식물성콜라겐젤리2개입선물세트
,열무김치 / 1kg,열무김치,채소,미분류,,1kg,,,,열무김치
,열무김치 / 2kg,열무김치,채소,미분류,,2kg,,,,열무김치
,열무김치 / 3kg,열무김치,채소,미분류,,3kg,,,,열무김치
,열무김치 / 5kg,열무김치,채소,미분류,,5kg,,,,열무김치
,열무김치 / 10kg,열무김치,채소,미분류,,10kg,,,,열무김치
,총각김치 / 1kg,총각김치,미분류,미분류,,1kg,,,,총각김치
,총각김치 / 2kg,총각김치,미분류,미분류,,2kg,,,,총각김치
,총각김치 / 3kg,총각김치,미분류,미분류,,3kg,,,,총각김치
,총각김치 / 5kg,총각김치,미분류,미분류,,5kg,,,,총각김치
,총각김치 / 10kg,총각김치,미분류,미분류,,10kg,,,,총각김치
,갓김치 / 1kg,갓김치,미분류,미분류,,1kg,,,,갓김치
,갓김치 / 2kg,갓김치,미분류,미분류,,2kg,,,,갓김치
,갓김치 / 3kg,갓김치,미분류,미분류,,3kg,,,,갓김치
,갓김치 / 5kg,갓김치,미분류,미분류,,5kg,,,,갓김치
,갓김치 / 10kg,갓김치,미분류,미분류,,10kg,,,,갓김치
,봄동겉절이 / 1kg,봄동겉절이,미분류,미분류,,1kg,,,,봄동겉절이
,봄동겉절이 / 2kg,봄동겉절이,미분류,미분류,,2kg,,,,봄동겉절이
,봄동겉절이 / 3kg,봄동겉절이,미분류,미분류,,3kg,,,,봄동겉절이
,봄동겉절이 / 5kg,봄동겉절이,미분류,미분류,,5kg,,,,봄동겉절이
,봄동겉절이 / 10kg,봄동겉절이,미분류,미분류,,10kg,,,,봄동겉절이
,배추겉절이 / 1kg,배추겉절이,과일,과일류,,1kg,,,,배추겉절이
,배추겉절이 / 2kg,배추겉절이,과일,과일류,,2kg,,,,배추겉절이
,배추겉절이 / 3kg,배추겉절이,과일,과일류,,3kg,,,,배추겉절이
,배추겉절이 / 5kg,배추겉절이,과일,과일류,,5kg,,,,배추겉절이
,배추겉절이 / 10kg,배추겉절이,과일,과일류,,10kg,,,,배추겉절이
,양파김치 / 1kg,양파김치,채소,채소류,,1kg,,,,양파김치
,양파김치 / 2kg,양파김치,채소,채소류,,2kg,,,,양파김치
,양파김치 / 3kg,양파김치,채소,채소류,,3kg,,,,양파김치
,양파김치 / 5kg,양파김치,채소,채소류,,5kg,,,,양파김치
,양파김치 / 10kg,양파김치,채소,채소류,,10kg,,,,양파김치
,배추김치키트 / 절임배추 5kg + 김치양념 2kg,배추김치키트,과일,과일류,,5kg|2kg,,,,배추김치키트
,배추김치키트 / 절임배추 10kg + 김치양념 4kg,배추김치키트,과일,과일류,,10kg|4kg,,,,배추김치키트
,배추김치키트 / 절임배추 20kg + 김치양념 8kg,배추김치키트,과일,과일류,,20kg|8kg,,,,배추김치키트
,김장포기김치 / 1kg,김장포기김치,미분류,미분류,,1kg,,,,김장포기김치
,김장포기김치 / 2kg,김장포기김치,미분류,미분류,,2kg,,,,김장포기김치
,김장포기김치 / 3kg,김장포기김치,미분류,미분류,,3kg,,,,김장포기김치
,김장포기김치 / 5kg,김장포기김치,미분류,미분류,,5kg,,,,김장포기김치
,김장포기김치 / 7kg,김장포기김치,미분류,미분류,,7kg,,,,김장포기김치
,김장포기김치 / 10kg,김장포기김치,미분류,미분류,,10kg,,,,김장포기김치
,열무얼갈이김치 / 1kg,열무얼갈이김치,채소,미분류,,1kg,,,,열무얼갈이김치
,열무얼갈이김치 / 2kg,열무얼갈이김치,채소,미분류,,2kg,,,,열무얼갈이김치
,열무얼갈이김치 / 3kg,열무얼갈이김치,채소,미분류,,3kg,,,,열무얼갈이김치
,열무얼갈이김치 / 5kg,열무얼갈이김치,채소,미분류,,5kg,,,,열무얼갈이김치
,열무얼갈이김치 / 10kg,열무얼갈이김치,채소,미분류,,10kg,,,,열무얼갈이김치
,절임배추 / 10kg,절임배추,과일,과일류,,10kg,,,,절임배추
,절임배추 / 20kg,절임배추,과일,과일류,,20kg,,,,절임배추
,석박지 / 1kg,석박지,미분류,미분류,,1kg,,,,석박지
,석박지 / 2kg,석박지,미분류,미분류,,2kg,,,,석박지
,석박지 / 3kg,석박지,미분류,미분류,,3kg,,,,석박지
,석박지 / 5kg,석박지,미분류,미분류,,5kg,,,,석박지
,석박지 / 10kg,석박지,미분류,미분류,,10kg,,,,석박지
,백김치 / 1kg,백김치,미분류,미분류,,1kg,,,,백김치
,백김치 / 2kg,백김치,미분류,미분류,,2kg,,,,백김치
,백김치 / 3kg,백김치,미분류,미분류,,3kg,,,,백김치
,백김치 / 5kg,백김치,미분류,미분류,,5kg,,,,백김치
,백김치 / 7kg,백김치,미분류,미분류,,7kg,,,,백김치
,백김치 / 10kg,백김치,미분류,미분류,,10kg,,,,백김치
,포기김치 / 1kg,포기김치,미분류,미분류,,1kg,,,,포기김치
,포기김치 / 2kg,포기김치,미분류,미분류,,2kg,,,,포기김치
,포기김치 / 3kg,포기김치,미분류,미분류,,3kg,,,,포기김치
,포기김치 / 5kg,포기김치,미분류,미분류,,5kg,,,,포기김치
,포기김치 / 7kg,포기김치,미분류,미분류,,7kg,,,,포기김치
,포기김치 / 10kg,포기김치,미분류,미분류,,10kg,,,,포기김치
,얼갈이김치 / 1kg,얼갈이김치,미분류,미분류,,1kg,,,,얼갈이김치
,얼갈이김치 / 2kg,얼갈이김치,미분류,미분류,,2kg,,,,얼갈이김치
,얼갈이김치 / 3kg,얼갈이김치,미분류,미분류,,3kg,,,,얼갈이김치
,얼갈이김치 / 5kg,얼갈이김치,미분류,미분류,,5kg,,,,얼갈이김치
,얼갈이김치 / 10kg,얼갈이김치,미분류,미분류,,10kg,,,,얼갈이김치
,매운실비총각김치 / 1kg,매운실비총각김치,미분류,미분류,,1kg,,,,매운실비총각김치
,매운실비총각김치 / 2kg,매운실비총각김치,미분류,미분류,,2kg,,,,매운실비총각김치
,매운실비총각김치 / 3kg,매운실비총각김치,미분류,미분류,,3kg,,,,매운실비총각김치
,매운실비총각김치 / 5kg,매운실비총각김치,미분류,미분류,,5kg,,,,매운실비총각김치
,매운실비겉절이 / 1kg,매운실비겉절이,미분류,미분류,,1kg,,,,매운실비겉절이
,매운실비겉절이 / 2kg,매운실비겉절이,미분류,미분류,,2kg,,,,매운실비겉절이
,매운실비겉절이 / 3kg,매운실비겉절이,미분류,미분류,,3kg,,,,매운실비겉절이
,매운실비겉절이 / 5kg,매운실비겉절이,미분류,미분류,,5kg,,,,매운실비겉절이
,매운실비겉절이 / 10kg,매운실비겉절이,미분류,미분류,,10kg,,,,매운실비겉절이
,매운실비포기김치 / 1kg,매운실비포기김치,미분류,미분류,,1kg,,,,매운실비포기김치
,매운실비포기김치 / 2kg,매운실비포기김치,미분류,미분류,,2kg,,,,매운실비포기김치
,매운실비포기김치 / 3kg,매운실비포기김치,미분류,미분류,,3kg,,,,매운실비포기김치
,매운실비포기김치 / 5kg,매운실비포기김치,미분류,미분류,,5kg,,,,매운실비포기김치
,매운실비포기김치 / 7kg,매운실비포기김치,미분류,미분류,,7kg,,,,매운실비포기김치
,매운실비포기김치 / 10kg,매운실비포기김치,미분류,미분류,,10kg,,,,매운실비포기김치
,열무자박이 / 2kg,열무자박이,채소,미분류,,2kg,,,,열무자박이
,열무자박이 / 3kg,열무자박이,채소,미분류,,3kg,,,,열무자박이
,열무자박이 / 5kg,열무자박이,채소,미분류,,5kg,,,,열무자박이
,열무자박이 / 10kg,열무자박이,채소,미분류,,10kg,,,,열무자박이
,깍두기 / 1kg,깍두기,미분류,미분류,,1kg,,,,깍두기
,깍두기 / 2kg,깍두기,미분류,미분류,,2kg,,,,깍두기
,깍두기 / 3kg,깍두기,미분류,미분류,,3kg,,,,깍두기
,깍두기 / 5kg,깍두기,미분류,미분류,,5kg,,,,깍두기
,깍두기 / 10kg,깍두기,미분류,미분류,,10kg,,,,깍두기
,곶감호두말이 선물세트 20구 (보자기동봉),곶감호두말이 선물세트 20구 (보자기동봉),견과/건과,견과류/건과류,,,,봉,,곶감호두말이선물세트20구보자기동봉
,곶감호두말이 선물세트 30구 (보자기동봉),곶감호두말이 선물세트 30구 (보자기동봉),견과/건과,견과류/건과류,,,,봉,,곶감호두말이선물세트30구보자기동봉
,국내산 고춧가루 1kg / 청양가루 (김치용),국내산 고춧가루 1kg,미분류,미분류,,1kg,국내산,,,국내산고춧가루1kg
,국내산 고춧가루 1kg / 굵은가루 (김치용),국내산 고춧가루 1kg,미분류,미분류,,1kg,국내산,,,국내산고춧가루1kg
,국내산 고춧가루 1kg / 고운가루 (장용),국내산 고춧가루 1kg,미분류,미분류,,1kg,국내산,,,국내산고춧가루1kg
,국내산 고춧가루 2kg / 청양가루 (김치용),국내산 고춧가루 2kg,미분류,미분류,,2kg,국내산,,,국내산고춧가루2kg
,국내산 고춧가루 2kg / 굵은가루 (김치용),국내산 고춧가루 2kg,미분류,미분류,,2kg,국내산,,,국내산고춧가루2kg
,국내산 고춧가루 2kg / 고운가루 (장용),국내산 고춧가루 2kg,미분류,미분류,,2kg,국내산,,,국내산고춧가루2kg
,다진마늘 1kg,다진마늘 1kg,채소,채소류,,1kg,,,,다진마늘1kg
,다진마늘 1kg x 2팩,다진마늘 1kg x 2팩,채소,채소류,,1kg|2팩,,팩,,다진마늘1kgx2팩
,다진마늘 1kg x 3팩,다진마늘 1kg x 3팩,채소,채소류,,1kg|3팩,,팩,,다진마늘1kgx3팩
,다진마늘 1kg x 4팩,다진마늘 1kg x 4팩,채소,채소류,,1kg|4팩,,팩,,다진마늘1kgx4팩
,순창 전통메주 1kg *2개,순창 전통메주 1kg *2개,미분류,미분류,,1kg|2개,,,,순창전통메주1kg2개
,순창 전통메주 1kg *4개,순창 전통메주 1kg *4개,미분류,미분류,,1kg|4개,,,,순창전통메주1kg4개
,순창 전통메주 1.2kg *2개,순창 전통메주 1.2kg *2개,미분류,미분류,,1.2kg|2개,,,,순창전통메주12kg2개
,순창 전통메주 1.2kg *4개,순창 전통메주 1.2kg *4개,미분류,미분류,,1.2kg|4개,,,,순창전통메주12kg4개
,[제휴A] 오이지 통오이지 20개입,[제휴A] 오이지 통오이지 20개입,채소,미분류,A,,,,,제휴a오이지통오이지20개입
,푸룬 / 400g (40g x 10봉),푸룬,미분류,미분류,,400g|40g|10봉,,봉,,푸룬
,푸룬 / 800g (40g x 20봉),푸룬,미분류,미분류,,800g|40g|20봉,,봉,,푸룬
,100% 착즙주스 천혜향 4개,100% 착즙주스 천혜향 4개,과일,과채가공품,,4개,,,,100착즙주스천혜향4개
,100% 착즙주스 천혜향 8개,100% 착즙주스 천혜향 8개,과일,과채가공품,,8개,,,,100착즙주스천혜향8개
,100% 착즙주스 천혜향 16개,100% 착즙주스 천혜향 16개,과일,과채가공품,,16개,,,,100착즙주스천혜향16개
,100% 착즙주스 한라봉 4개,100% 착즙주스 한라봉 4개,과일,과채가공품,,4개,,봉,,100착즙주스한라봉4개
,100% 착즙주스 한라봉 8개,100% 착즙주스 한라봉 8개,과일,과채가공품,,8개,,봉,,100착즙주스한라봉8개
,100% 착즙주스 한라봉 16개,100% 착즙주스 한라봉 16개,과일,과채가공품,,16개,,봉,,100착즙주스한라봉16개
,100% 착즙주스 천혜향+한라봉 2+2,100% 착즙주스 천혜향+한라봉 2+2,과일,과채가공품,,,,봉,,100착즙주스천혜향한라봉22
,100% 착즙주스 천혜향+한라봉 4+4,100% 착즙주스 천혜향+한라봉 4+4,과일,과채가공품,,,,봉,,100착즙주스천혜향한라봉44
,100% 착즙주스 천혜향+한라봉 8+8,100% 착즙주스 천혜향+한라봉 8+8,과일,과채가공품,,,,봉,,100착즙주스천혜향한라봉88
,구운계란 중란 30구,구운계란 중란 30구,축산/계란,미분류,중,,,,,구운계란중란30구
,구운계란 중란 60구,구운계란 중란 60구,축산/계란,미분류,중,,,,,구운계란중란60구
,구운계란 대란 30구,구운계란 대란 30구,축산/계란,미분류,,,,,,구운계란대란30구
,구운계란 대란 60구,구운계란 대란 60구,축산/계란,미분류,,,,,,구운계란대란60구
,수압으로 깐 굴무침 500g,수압으로 깐 굴무침 500g,채소,미분류,,500g,,,,수압으로깐굴무침500g
,수압으로 깐 굴무침 500g*2통,수압으로 깐 굴무침 500g*2통,채소,미분류,,500g,,,,수압으로깐굴무침500g2통
,수압으로 깐 굴무침 500g*3통,수압으로 깐 굴무침 500g*3통,채소,미분류,,500g,,,,수압으로깐굴무침500g3통
,수압으로 깐 굴무침 300g,수압으로 깐 굴무침 300g,채소,미분류,,300g,,,,수압으로깐굴무침300g
,수압으로 깐 굴무침 300g*2통,수압으로 깐 굴무침 300g*2통,채소,미분류,,300g,,,,수압으로깐굴무침300g2통
,수압으로 깐 굴무침 300g*3통,수압으로 깐 굴무침 300g*3통,채소,미분류,,300g,,,,수압으로깐굴무침300g3통
,수압으로 깐 굴무침 300g + 알배추 (300-400g),수압으로 깐 굴무침 300g + 알배추 (300-400g),과일,과일류,,300g|400g,,,,수압으로깐굴무침300g알배추300400g
,수압으로 깐 굴무침 300g*2통 + 알배추 (300-400g),수압으로 깐 굴무침 300g*2통 + 알배추 (300-400g),과일,과일류,,300g|400g,,,,수압으로깐굴무침300g2통알배추300400g
,수압으로 깐 굴무침 300g*3통 + 알배추 (300-400g),수압으로 깐 굴무침 300g*3통 + 알배추 (300-400g),과일,과일류,,300g|400g,,,,수압으로깐굴무침300g3통알배추300400g
,수압으로 깐 굴무침 500g + 알배추 (300-400g),수압으로 깐 굴무침 500g + 알배추 (300-400g),과일,과일류,,500g|400g,,,,수압으로깐굴무침500g알배추300400g
,수압으로 깐 굴무침 500g*2통 + 알배추 (300-400g),수압으로 깐 굴무침 500g*2통 + 알배추 (300-400g),과일,과일류,,500g|400g,,,,수압으로깐굴무침500g2통알배추300400g
,수압으로 깐 굴무침 500g*3통 + 알배추 (300-400g),수압으로 깐 굴무침 500g*3통 + 알배추 (300-400g),과일,과일류,,500g|400g,,,,수압으로깐굴무침500g3통알배추300400g
,4색 떡국떡 / 1kg,4색 떡국떡,미분류,미분류,,1kg,,,,4색떡국떡
,떡국떡 / 500g,떡국떡,미분류,미분류,,500g,,,,떡국떡
,떡국떡 / 1kg,떡국떡,미분류,미분류,,1kg,,,,떡국떡
,쑥떡국떡 / 500g,쑥떡국떡,미분류,미분류,,500g,,,,쑥떡국떡
,쑥떡국떡 / 1kg,쑥떡국떡,미분류,미분류,,1kg,,,,쑥떡국떡
,혼합떡국떡 쑥떡국떡 500g + 떡국떡 500g,혼합떡국떡 쑥떡국떡 500g + 떡국떡 500g,미분류,미분류,,500g|500g,,,,혼합떡국떡쑥떡국떡500g떡국떡500g
,콩쑥개떡 1팩 / 60g x 32개입,콩쑥개떡 1팩,쌀/잡곡,미분류,,1팩|60g,,팩,,콩쑥개떡1팩
,콩쑥개떡 2팩 / (60g x 32개입) x 2,콩쑥개떡 2팩,쌀/잡곡,미분류,,2팩|60g,,팩,,콩쑥개떡2팩
,강낭콩쑥개떡 1팩 / 60g x 32개입,강낭콩쑥개떡 1팩,쌀/잡곡,미분류,,1팩|60g,,팩,,강낭콩쑥개떡1팩
,강낭콩쑥개떡 2팩 / (60g x 32개입) x 2,강낭콩쑥개떡 2팩,쌀/잡곡,미분류,,2팩|60g,,팩,,강낭콩쑥개떡2팩
,국내산 연평도 암꽃게장 2kg,국내산 연평도 암꽃게장 2kg,미분류,미분류,,2kg,국내산,,,국내산연평도암꽃게장2kg
,국내산 연평도 암꽃게장 4kg,국내산 연평도 암꽃게장 4kg,미분류,미분류,,4kg,국내산,,,국내산연평도암꽃게장4kg
,흑임자인절미 1팩 / 25g x 24개입,흑임자인절미 1팩,미분류,미분류,,1팩|25g,,팩,,흑임자인절미1팩
,흑임자인절미 2팩 / (25g x 24개입) x 2,흑임자인절미 2팩,미분류,미분류,,2팩|25g,,팩,,흑임자인절미2팩
,앙금인절미 1팩 / 40g x 42개입,앙금인절미 1팩,미분류,미분류,,1팩|40g,,팩,,앙금인절미1팩
,앙금인절미 2팩 / (40g x 42개입) x 2,앙금인절미 2팩,미분류,미분류,,2팩|40g,,팩,,앙금인절미2팩
,옛날찹쌀떡 1팩 / 60g x 30개입,옛날찹쌀떡 1팩,쌀/잡곡,미분류,,1팩|60g,,팩,,옛날찹쌀떡1팩
,옛날찹쌀떡 2팩 / (60g x 30개입) x 2,옛날찹쌀떡 2팩,쌀/잡곡,미분류,,2팩|60g,,팩,,옛날찹쌀떡2팩
,완숙토마토 / 1kg / 소,완숙토마토,과일,과일류,,1kg,,,,완숙토마토
,완숙토마토 / 1kg / 중,완숙토마토,과일,과일류,중,1kg,,,,완숙토마토
,완숙토마토 / 2kg / 소,완숙토마토,과일,과일류,,2kg,,,,완숙토마토
,완숙토마토 / 2kg / 중,완숙토마토,과일,과일류,중,2kg,,,,완숙토마토
,완숙토마토 / 3kg / 소,완숙토마토,과일,과일류,,3kg,,,,완숙토마토
,완숙토마토 / 3kg / 중,완숙토마토,과일,과일류,중,3kg,,,,완숙토마토
,완숙토마토 / 5kg / 소,완숙토마토,과일,과일류,,5kg,,,,완숙토마토
,완숙토마토 / 5kg / 중,완숙토마토,과일,과일류,중,5kg,,,,완숙토마토
,세척사과 / (박스포함) 8kg 한입 / 46-55과 내외,세척사과,과일,과일류,,8kg|55과,,박스,,세척사과
,세척사과 / (박스포함) 8kg 소과 / 40-45과 내외,세척사과,과일,과일류,,8kg|45과,,박스,,세척사과
,세척사과 / (박스포함) 8kg 중소과 / 30-40과 내외,세척사과,과일,과일류,중,8kg|40과,,박스,,세척사과
,김해 미나리 200g 내외 x 1단,김해 미나리 200g 내외 x 1단,채소,미분류,,200g,,,,김해미나리200g내외x1단
,김해 미나리 500g 내외 x 1단,김해 미나리 500g 내외 x 1단,채소,미분류,,500g,,,,김해미나리500g내외x1단
,김해 미나리 500g 내외 x 2단 / 1kg,김해 미나리 500g 내외 x 2단,채소,미분류,,500g|1kg,,,,김해미나리500g내외x2단
,김해 미나리 500g 내외 x 3단 / 1.5kg,김해 미나리 500g 내외 x 3단,채소,미분류,,500g|1.5kg,,,,김해미나리500g내외x3단
,김해 미나리 500g 내외 x 4단 / 2kg,김해 미나리 500g 내외 x 4단,채소,미분류,,500g|2kg,,,,김해미나리500g내외x4단
,육우 / 등안선물세트500g(등심300g/안심200g),육우,축산/계란,미분류,,,,,,육우
,육우 / 등안채선물세트800g(등심400g/안심200g/채끝200g),육우,축산/계란,미분류,,,,,,육우
,육우 / 등안갈선물세트800g(등심400g/안심200g/갈비살200g),육우,축산/계란,미분류,,,,,,육우
,육우 / 등안갈특선물세트1kg(등심400g/안심or채끝200g/갈비살or특수400g),육우,축산/계란,미분류,특,,,,,육우
,육우 / 등안갈부선물세트1kg(등심400g/안심or채끝200g/갈비살or부채400g),육우,축산/계란,미분류,,,,,,육우
,육우 / 등안채특선물세트1kg(등심400g/안심200g/채끝or특수400g),육우,축산/계란,미분류,특,,,,,육우
,육우 / 등안채부선물세트1kg(등심400g/안심200g/채끝or부채400g),육우,축산/계란,미분류,,,,,,육우
,포항영해초1단(300g내외),포항영해초1단(300g내외),미분류,미분류,,,,,,포항영해초1단300g내외
,포항영해초2단(600g내외),포항영해초2단(600g내외),미분류,미분류,,,,,,포항영해초2단600g내외
,포항영해초3단(900g내외),포항영해초3단(900g내외),미분류,미분류,,,,,,포항영해초3단900g내외
,포항영해초4단(1.2kg내외),포항영해초4단(1.2kg내외),미분류,미분류,,,,,,포항영해초4단12kg내외
,남해보물섬시금치500g,남해보물섬시금치500g,채소,채소류,,,,,,남해보물섬시금치500g
,남해보물섬시금치1kg,남해보물섬시금치1kg,채소,채소류,,,,,,남해보물섬시금치1kg
,남해보물섬시금치1.5kg,남해보물섬시금치1.5kg,채소,채소류,,5kg,,,,남해보물섬시금치15kg
,남해보물섬시금치2kg,남해보물섬시금치2kg,채소,채소류,,,,,,남해보물섬시금치2kg
,남해보물섬시금치3kg,남해보물섬시금치3kg,채소,채소류,,,,,,남해보물섬시금치3kg
,남해보물섬시금치4kg,남해보물섬시금치4kg,채소,채소류,,,,,,남해보물섬시금치4kg
,콜라비2kg(알뜰혼합과),콜라비2kg(알뜰혼합과),채소,미분류,,,,,,콜라비2kg알뜰혼합과
,콜라비3kg(알뜰혼합과),콜라비3kg(알뜰혼합과),채소,미분류,,,,,,콜라비3kg알뜰혼합과
,콜라비5kg(알뜰혼합과),콜라비5kg(알뜰혼합과),채소,미분류,,,,,,콜라비5kg알뜰혼합과
,콜라비10kg(알뜰혼합과),콜라비10kg(알뜰혼합과),채소,미분류,,,,,,콜라비10kg알뜰혼합과
,[농가C] 대저토마토못난이(혼합과)2.5kg,[농가C] 대저토마토못난이(혼합과)2.5kg,과일,과일류,C,2.5kg,,,,농가c대저토마토못난이혼합과25kg
,[농가C] 대저토마토일반(2L-L)과2.5kg,[농가C] 대저토마토일반(2L-L)과2.5kg,과일,과일류,C,2L|5kg,,,,농가c대저토마토일반2ll과25kg
,[농가C] 대저토마토일반(M)과2.5kg,[농가C] 대저토마토일반(M)과2.5kg,과일,과일류,C,5kg,,,,농가c대저토마토일반m과25kg
,[농가C] 대저토마토일반(S-2S)과2.5kg,[농가C] 대저토마토일반(S-2S)과2.5kg,과일,과일류,C,5kg,,,,농가c대저토마토일반s2s과25kg
,[농가C] 대저토마토특품(2L-L)과2.5kg,[농가C] 대저토마토특품(2L-L)과2.5kg,과일,과일류,C,2L|5kg,,,,농가c대저토마토특품2ll과25kg
,[농가C] 대저토마토특품(M)과2.5kg,[농가C] 대저토마토특품(M)과2.5kg,과일,과일류,C,5kg,,,,농가c대저토마토특품m과25kg
,[농가C] 대저짭짤이특품(S-2S)과2.5kg,[농가C] 대저짭짤이특품(S-2S)과2.5kg,미분류,미분류,C,5kg,,,,농가c대저짭짤이특품s2s과25kg
,보령 금실딸기 특 1팩,보령 금실딸기 특 1팩,과일,과일류,특,1팩,,팩,,보령금실딸기특1팩
,보령 금실딸기 특 2팩,보령 금실딸기 특 2팩,과일,과일류,특,2팩,,팩,,보령금실딸기특2팩
,비타베리 특 1팩,비타베리 특 1팩,미분류,미분류,특,1팩,,팩,,비타베리특1팩
,비타베리 특 2팩,비타베리 특 2팩,미분류,미분류,특,2팩,,팩,,비타베리특2팩
,주스용 설향딸기 1kg,주스용 설향딸기 1kg,과일,과채가공품,,1kg,,,,주스용설향딸기1kg
,주스용 설향딸기 2kg,주스용 설향딸기 2kg,과일,과채가공품,,2kg,,,,주스용설향딸기2kg
,별사과 못난이 소과 1kg,별사과 못난이 소과 1kg,과일,과일류,못난이,1kg,,,,별사과못난이소과1kg
,별사과 못난이 중과 1kg,별사과 못난이 중과 1kg,과일,과일류,못난이,1kg,,,,별사과못난이중과1kg
,별사과 못난이 대과 1kg,별사과 못난이 대과 1kg,과일,과일류,못난이,1kg,,,,별사과못난이대과1kg
,별사과 못난이 특대과 1kg,별사과 못난이 특대과 1kg,과일,과일류,못난이,1kg,,,,별사과못난이특대과1kg
,청송 부사사과 가정용 소과 3kg,청송 부사사과 가정용 소과 3kg,과일,과일류,가정용,3kg,,,,청송부사사과가정용소과3kg
,청송 부사사과 가정용 소과 5kg,청송 부사사과 가정용 소과 5kg,과일,과일류,가정용,5kg,,,,청송부사사과가정용소과5kg
,청송 부사사과 가정용 소과 10kg,청송 부사사과 가정용 소과 10kg,과일,과일류,가정용,10kg,,,,청송부사사과가정용소과10kg
,청송 부사사과 가정용 중과 3kg,청송 부사사과 가정용 중과 3kg,과일,과일류,가정용,3kg,,,,청송부사사과가정용중과3kg
,청송 부사사과 가정용 중과 5kg,청송 부사사과 가정용 중과 5kg,과일,과일류,가정용,5kg,,,,청송부사사과가정용중과5kg
,청송 부사사과 가정용 중과 10kg,청송 부사사과 가정용 중과 10kg,과일,과일류,가정용,10kg,,,,청송부사사과가정용중과10kg
,미국산 피호두 1kg,미국산 피호두 1kg,견과/건과,견과류/건과류,,1kg,미국산,,,미국산피호두1kg
,미국산 피호두 2kg,미국산 피호두 2kg,견과/건과,견과류/건과류,,2kg,미국산,,,미국산피호두2kg
,여수 섬초 500g,여수 섬초 500g,미분류,미분류,,500g,,,,여수섬초500g
,여수 섬초 1kg,여수 섬초 1kg,미분류,미분류,,1kg,,,,여수섬초1kg
,여수 섬초 2kg,여수 섬초 2kg,미분류,미분류,,2kg,,,,여수섬초2kg
,여수 섬초 3kg,여수 섬초 3kg,미분류,미분류,,3kg,,,,여수섬초3kg
,여수 섬초 4kg,여수 섬초 4kg,미분류,미분류,,4kg,,,,여수섬초4kg
,베트남 그린망고 1kg,베트남 그린망고 1kg,미분류,미분류,,1kg,,망,,베트남그린망고1kg
,베트남 그린망고 2kg,베트남 그린망고 2kg,미분류,미분류,,2kg,,망,,베트남그린망고2kg
,베트남 그린망고 3kg,베트남 그린망고 3kg,미분류,미분류,,3kg,,망,,베트남그린망고3kg
,베트남 그린망고 5kg,베트남 그린망고 5kg,미분류,미분류,,5kg,,망,,베트남그린망고5kg
,국산 서리태 500g,국산 서리태 500g,미분류,미분류,,500g,국산,,,국산서리태500g
,국산 서리태 1kg,국산 서리태 1kg,미분류,미분류,,1kg,국산,,,국산서리태1kg
,국산 쥐눈이콩 500g,국산 쥐눈이콩 500g,쌀/잡곡,미분류,,500g,국산,,,국산쥐눈이콩500g
,국산 쥐눈이콩 1kg,국산 쥐눈이콩 1kg,쌀/잡곡,미분류,,1kg,국산,,,국산쥐눈이콩1kg
,국산 메주콩 1kg,국산 메주콩 1kg,쌀/잡곡,미분류,,1kg,국산,,,국산메주콩1kg
,국산 메주콩 5kg,국산 메주콩 5kg,쌀/잡곡,미분류,,5kg,국산,,,국산메주콩5kg
,국산 통 녹두 500g,국산 통 녹두 500g,미분류,미분류,,500g,국산,,,국산통녹두500g
,국산 통 녹두 1kg,국산 통 녹두 1kg,미분류,미분류,,1kg,국산,,,국산통녹두1kg
,국산 팥 500g,국산 팥 500g,미분류,미분류,,500g,국산,,,국산팥500g
,제주레몬 혼합과 2kg,제주레몬 혼합과 2kg,미분류,미분류,,2kg,제주,,,제주레몬혼합과2kg
,제주레몬 혼합과 3kg,제주레몬 혼합과 3kg,미분류,미분류,,3kg,제주,,,제주레몬혼합과3kg
,제주레몬 혼합과 5kg,제주레몬 혼합과 5kg,미분류,미분류,,5kg,제주,,,제주레몬혼합과5kg
,제주레몬 혼합과 10kg,제주레몬 혼합과 10kg,미분류,미분류,,10kg,제주,,,제주레몬혼합과10kg
,안동마 가정용 1kg,안동마 가정용 1kg,미분류,미분류,가정용,1kg,,,,안동마가정용1kg
,안동마 가정용 2kg,안동마 가정용 2kg,미분류,미분류,가정용,2kg,,,,안동마가정용2kg
,안동마 가정용 3kg,안동마 가정용 3kg,미분류,미분류,가정용,3kg,,,,안동마가정용3kg
,안동마 가정용 5kg,안동마 가정용 5kg,미분류,미분류,가정용,5kg,,,,안동마가정용5kg
,안동마 가정용 10kg,안동마 가정용 10kg,미분류,미분류,가정용,10kg,,,,안동마가정용10kg
,옥광밤 대과 2kg,옥광밤 대과 2kg,미분류,미분류,,2kg,,,,옥광밤대과2kg
,옥광밤 대과 4kg,옥광밤 대과 4kg,미분류,미분류,,4kg,,,,옥광밤대과4kg
,옥광밤 특과 2kg,옥광밤 특과 2kg,미분류,미분류,특,2kg,,,,옥광밤특과2kg
,옥광밤 특과 4kg,옥광밤 특과 4kg,미분류,미분류,특,4kg,,,,옥광밤특과4kg
,깐옥광밤 대과 500g,깐옥광밤 대과 500g,미분류,미분류,,500g,,,,깐옥광밤대과500g
,깐옥광밤 대과 1kg,깐옥광밤 대과 1kg,미분류,미분류,,1kg,,,,깐옥광밤대과1kg
,스테비아 약단밤 500g,스테비아 약단밤 500g,미분류,미분류,,500g,,,,스테비아약단밤500g
,스테비아 약단밤 1kg,스테비아 약단밤 1kg,미분류,미분류,,1kg,,,,스테비아약단밤1kg
,스테비아 약단밤 2kg,스테비아 약단밤 2kg,미분류,미분류,,2kg,,,,스테비아약단밤2kg
,자색고구마 혼합 2kg,자색고구마 혼합 2kg,채소,채소류,,2kg,,,,자색고구마혼합2kg
,자색고구마 혼합 3kg,자색고구마 혼합 3kg,채소,채소류,,3kg,,,,자색고구마혼합3kg
,자색고구마 혼합 5kg,자색고구마 혼합 5kg,채소,채소류,,5kg,,,,자색고구마혼합5kg
,자색고구마 혼합 10kg,자색고구마 혼합 10kg,채소,채소류,,10kg,,,,자색고구마혼합10kg
,냉동 아로니아 줄기제거 특품 1kg,냉동 아로니아 줄기제거 특품 1kg,냉장/냉동/간편요리,미분류,특품,1kg,,,냉동,냉동아로니아줄기제거특품1kg
,냉동 아로니아 줄기제거 특품 2.5kg,냉동 아로니아 줄기제거 특품 2.5kg,냉장/냉동/간편요리,미분류,특품,2.5kg,,,냉동,냉동아로니아줄기제거특품25kg
,냉동 아로니아 줄기제거 특품 5kg,냉동 아로니아 줄기제거 특품 5kg,냉장/냉동/간편요리,미분류,특품,5kg,,,냉동,냉동아로니아줄기제거특품5kg
,냉동 아로니아 줄기제거 특품 10kg,냉동 아로니아 줄기제거 특품 10kg,냉장/냉동/간편요리,미분류,특품,10kg,,,냉동,냉동아로니아줄기제거특품10kg
,냉동 아로니아 최상품 5kg,냉동 아로니아 최상품 5kg,냉장/냉동/간편요리,미분류,상,5kg,,,냉동,냉동아로니아최상품5kg
,냉동 아로니아 최상품 10kg,냉동 아로니아 최상품 10kg,냉장/냉동/간편요리,미분류,상,10kg,,,냉동,냉동아로니아최상품10kg
,냉동 포포열매 소과 1kg (7~10과),냉동 포포열매 소과 1kg (7~10과),냉장/냉동/간편요리,미분류,,1kg|10과,,,냉동,냉동포포열매소과1kg710과
,냉동 포포열매 중과 1kg (5~6과),냉동 포포열매 중과 1kg (5~6과),냉장/냉동/간편요리,미분류,중,1kg|6과,,,냉동,냉동포포열매중과1kg56과
,냉동 포포열매 대과 1kg (3~4과),냉동 포포열매 대과 1kg (3~4과),냉장/냉동/간편요리,미분류,,1kg|4과,,,냉동,냉동포포열매대과1kg34과
,세척감자 중 1kg,세척감자 중 1kg,채소,채소류,중,1kg,,,,세척감자중1kg
,세척감자 중 2kg,세척감자 중 2kg,채소,채소류,중,2kg,,,,세척감자중2kg
,세척감자 중 3kg,세척감자 중 3kg,채소,채소류,중,3kg,,,,세척감자중3kg
,세척감자 중 5kg,세척감자 중 5kg,채소,채소류,중,5kg,,,,세척감자중5kg
,세척감자 중 10kg,세척감자 중 10kg,채소,채소류,중,10kg,,,,세척감자중10kg
,세척감자 대 1kg,세척감자 대 1kg,채소,채소류,,1kg,,,,세척감자대1kg
,세척감자 대 2kg,세척감자 대 2kg,채소,채소류,,2kg,,,,세척감자대2kg
,세척감자 대 3kg,세척감자 대 3kg,채소,채소류,,3kg,,,,세척감자대3kg
,세척감자 대 5kg,세척감자 대 5kg,채소,채소류,,5kg,,,,세척감자대5kg
,세척감자 대 10kg,세척감자 대 10kg,채소,채소류,,10kg,,,,세척감자대10kg
,건대추 가정 음료용(열과) 500g,건대추 가정 음료용(열과) 500g,미분류,미분류,,500g,,,,건대추가정음료용열과500g
,건대추 가정 음료용(열과) 1kg,건대추 가정 음료용(열과) 1kg,미분류,미분류,,1kg,,,,건대추가정음료용열과1kg
,건대추 가정 음료용(열과) 2kg,건대추 가정 음료용(열과) 2kg,미분류,미분류,,2kg,,,,건대추가정음료용열과2kg
,건대추 가정 음료용(열과) 3kg,건대추 가정 음료용(열과) 3kg,미분류,미분류,,3kg,,,,건대추가정음료용열과3kg
,건대추 정품 상초 500g,건대추 정품 상초 500g,미분류,미분류,상,500g,,,,건대추정품상초500g
,건대추 정품 상초 1kg,건대추 정품 상초 1kg,미분류,미분류,상,1kg,,,,건대추정품상초1kg
,건대추 정품 상초 2kg,건대추 정품 상초 2kg,미분류,미분류,상,2kg,,,,건대추정품상초2kg
,건대추 정품 상초 3kg,건대추 정품 상초 3kg,미분류,미분류,상,3kg,,,,건대추정품상초3kg
,건대추 정품 특초 500g,건대추 정품 특초 500g,미분류,미분류,특,500g,,,,건대추정품특초500g
,건대추 정품 특초 1kg,건대추 정품 특초 1kg,미분류,미분류,특,1kg,,,,건대추정품특초1kg
,건대추 정품 특초 2kg,건대추 정품 특초 2kg,미분류,미분류,특,2kg,,,,건대추정품특초2kg
,건대추 정품 특초 3kg,건대추 정품 특초 3kg,미분류,미분류,특,3kg,,,,건대추정품특초3kg
,건대추 정품 제수용 500g,건대추 정품 제수용 500g,미분류,미분류,,500g,,,,건대추정품제수용500g
,냉동 잭푸르트 1kg,냉동 잭푸르트 1kg,냉장/냉동/간편요리,미분류,,1kg,,,냉동,냉동잭푸르트1kg
,냉동 잭푸르트 2kg,냉동 잭푸르트 2kg,냉장/냉동/간편요리,미분류,,2kg,,,냉동,냉동잭푸르트2kg
,냉동 잭푸르트 4kg,냉동 잭푸르트 4kg,냉장/냉동/간편요리,미분류,,4kg,,,냉동,냉동잭푸르트4kg
,과상2호 오디 특품 1kg,과상2호 오디 특품 1kg,미분류,미분류,상,1kg,,,,과상2호오디특품1kg
,과상2호 오디 특품 2kg,과상2호 오디 특품 2kg,미분류,미분류,상,2kg,,,,과상2호오디특품2kg
,과상2호 오디 특품 4kg,과상2호 오디 특품 4kg,미분류,미분류,상,4kg,,,,과상2호오디특품4kg
,과상2호 오디 특품 8kg,과상2호 오디 특품 8kg,미분류,미분류,상,8kg,,,,과상2호오디특품8kg
,냉동 토종복분자 특품 1kg,냉동 토종복분자 특품 1kg,냉장/냉동/간편요리,미분류,특품,1kg,,,냉동,냉동토종복분자특품1kg
,냉동 토종복분자 특품 2.5kg,냉동 토종복분자 특품 2.5kg,냉장/냉동/간편요리,미분류,특품,2.5kg,,,냉동,냉동토종복분자특품25kg
,냉동 토종복분자 특품 5kg,냉동 토종복분자 특품 5kg,냉장/냉동/간편요리,미분류,특품,5kg,,,냉동,냉동토종복분자특품5kg
,냉동 토종복분자 특품 10kg,냉동 토종복분자 특품 10kg,냉장/냉동/간편요리,미분류,특품,10kg,,,냉동,냉동토종복분자특품10kg
,A급 가정용 부사 / 3kg / 대과 / 9-12과,A급 가정용 부사,미분류,미분류,A,3kg|12과,,,,a급가정용부사
,무농약 참송이버섯(못난이),무농약 참송이버섯(못난이),채소,채소류,못난이,,,,,무농약참송이버섯못난이
,[농가D] 대저토마토못난이(혼합)2.5kg,[농가D] 대저토마토못난이(혼합)2.5kg,과일,과일류,못난이,2.5kg,,,,농가d대저토마토못난이혼합25kg
,[농가D] 대저토마토(2L-L)과2.5kg,[농가D] 대저토마토(2L-L)과2.5kg,과일,과일류,,2L|5kg,,,,농가d대저토마토2ll과25kg
,[농가D] 대저토마토(M)과1kg,[농가D] 대저토마토(M)과1kg,과일,과일류,,,,,,농가d대저토마토m과1kg
,[농가D] 대저토마토(M)과2.5kg,[농가D] 대저토마토(M)과2.5kg,과일,과일류,,5kg,,,,농가d대저토마토m과25kg
,[농가D] 대저짭짤이(S)과1kg,[농가D] 대저짭짤이(S)과1kg,미분류,미분류,,,,,,농가d대저짭짤이s과1kg
,[농가D] 대저짭짤이(S)과2.5kg,[농가D] 대저짭짤이(S)과2.5kg,미분류,미분류,,5kg,,,,농가d대저짭짤이s과25kg
,[농가D] 대저짭짤이(3S-2S)과1kg,[농가D] 대저짭짤이(3S-2S)과1kg,미분류,미분류,,,,,,농가d대저짭짤이3s2s과1kg
,[농가D] 대저짭짤이(3S-2S)과2.5kg,[농가D] 대저짭짤이(3S-2S)과2.5kg,미분류,미분류,,5kg,,,,농가d대저짭짤이3s2s과25kg
,파김치 / 1kg,파김치,미분류,미분류,,1kg,,,,파김치
,파김치 / 2kg,파김치,미분류,미분류,,2kg,,,,파김치
,파김치 / 3kg,파김치,미분류,미분류,,3kg,,,,파김치
,파김치 / 5kg,파김치,미분류,미분류,,5kg,,,,파김치
,파김치 / 10kg,파김치,미분류,미분류,,10kg,,,,파김치
,대파김치 / 1kg,대파김치,미분류,미분류,,1kg,,,,대파김치
,대파김치 / 2kg,대파김치,미분류,미분류,,2kg,,,,대파김치
,대파김치 / 3kg,대파김치,미분류,미분류,,3kg,,,,대파김치
,대파김치 / 5kg,대파김치,미분류,미분류,,5kg,,,,대파김치
,대파김치 / 10kg,대파김치,미분류,미분류,,10kg,,,,대파김치
,킹스베리 / 1kg / 특 / 28개입 내외,킹스베리,미분류,미분류,특,1kg,,,,킹스베리
,킹스베리 / 1kg / 특특 / 22개입 내외,킹스베리,미분류,미분류,특,1kg,,,,킹스베리
,킹스베리 / 1kg / 왕 / 18개입 내외,킹스베리,미분류,미분류,,1kg,,,,킹스베리
,대저흑대추방울토마토 500g,대저흑대추방울토마토 500g,과일,과일류,,500g,,,,대저흑대추방울토마토500g
,대저흑대추방울토마토 1kg,대저흑대추방울토마토 1kg,과일,과일류,,1kg,,,,대저흑대추방울토마토1kg
,대저흑대추방울토마토 2kg,대저흑대추방울토마토 2kg,과일,과일류,,2kg,,,,대저흑대추방울토마토2kg
,[농가B] 대저토마토 1kg 일반(혼합),[농가B] 대저토마토 1kg 일반(혼합),과일,과일류,B,1kg,,,,농가b대저토마토1kg일반혼합
,[농가B] 대저토마토 2.5kg L과 일반,[농가B] 대저토마토 2.5kg L과 일반,과일,과일류,B,2.5kg,,,,농가b대저토마토25kgl과일반
,[농가B] 대저토마토 2.5kg M과 일반,[농가B] 대저토마토 2.5kg M과 일반,과일,과일류,B,2.5kg,,,,농가b대저토마토25kgm과일반
,[농가B] 짭짤이대저토마토 2.5kg S-2s과 일반,[농가B] 짭짤이대저토마토 2.5kg S-2s과 일반,과일,과일류,B,2.5kg,,,,농가b짭짤이대저토마토25kgs2s과일반
,[농가B] 대저토마토 1kg 특품(혼합),[농가B] 대저토마토 1kg 특품(혼합),과일,과일류,B,1kg,,,,농가b대저토마토1kg특품혼합
,[농가B] 대저토마토 2.5kg L과 특품,[농가B] 대저토마토 2.5kg L과 특품,과일,과일류,B,2.5kg,,,,농가b대저토마토25kgl과특품
,[농가B] 대저토마토 2.5kg M과 특품,[농가B] 대저토마토 2.5kg M과 특품,과일,과일류,B,2.5kg,,,,농가b대저토마토25kgm과특품
,[농가B] 짭짤이대저토마토 2.5kg S-2s과 특품,[농가B] 짭짤이대저토마토 2.5kg S-2s과 특품,과일,과일류,B,2.5kg,,,,농가b짭짤이대저토마토25kgs2s과특품
,[제휴A] 대저토마토 2.5kg 2L-L,[제휴A] 대저토마토 2.5kg 2L-L,과일,과일류,A,2.5kg|2L,,,,제휴a대저토마토25kg2ll
,[제휴A] 대저토마토 2.5kg M,[제휴A] 대저토마토 2.5kg M,과일,과일류,A,2.5kg,,,,제휴a대저토마토25kgm
,[제휴A] 대저토마토 2.5kg S-2S,[제휴A] 대저토마토 2.5kg S-2S,과일,과일류,A,2.5kg,,,,제휴a대저토마토25kgs2s
,참외 / 가정용 / 1kg / 혼합과,참외,과일,과일류,가정용,1kg,,,,참외
,참외 / 가정용 / 1.5kg / 혼합과,참외,과일,과일류,가정용,1.5kg,,,,참외
,참외 / 가정용 / 2kg / 혼합과,참외,과일,과일류,가정용,2kg,,,,참외
,참외 / 가정용 / 3kg / 혼합과,참외,과일,과일류,가정용,3kg,,,,참외
,샤인머스켓 / 가정용 / 1kg / 2수,샤인머스켓,과일,미분류,가정용,1kg,,,,샤인머스켓
,샤인머스켓 / 가정용 / 2kg / 4-5수,샤인머스켓,과일,미분류,가정용,2kg,,,,샤인머스켓
,샤인머스켓 / 가정용 / 2kg / 2-3수,샤인머스켓,과일,미분류,가정용,2kg,,,,샤인머스켓
,샤인머스켓 / 가정용 / 4kg / 6-7수,샤인머스켓,과일,미분류,가정용,4kg,,,,샤인머스켓
,샤인머스켓 / 가정용 / 4kg / 4-5수,샤인머스켓,과일,미분류,가정용,4kg,,,,샤인머스켓
,샤인머스켓 / 선물용 / 2kg / 2-3수,샤인머스켓,과일,미분류,,2kg,,선물용,,샤인머스켓
,수미감자 / 1kg / 소,수미감자,채소,채소류,,1kg,,,,수미감자
,수미감자 / 1kg / 중,수미감자,채소,채소류,중,1kg,,,,수미감자
,수미감자 / 1kg / 대,수미감자,채소,채소류,,1kg,,,,수미감자
,수미감자 / 1kg / 특,수미감자,채소,채소류,특,1kg,,,,수미감자
,수미감자 / 1kg / 왕특,수미감자,채소,채소류,특,1kg,,,,수미감자
,수미감자 / 2kg / 소,수미감자,채소,채소류,,2kg,,,,수미감자
,수미감자 / 2kg / 중,수미감자,채소,채소류,중,2kg,,,,수미감자
,수미감자 / 2kg / 대,수미감자,채소,채소류,,2kg,,,,수미감자
,수미감자 / 2kg / 특,수미감자,채소,채소류,특,2kg,,,,수미감자
,수미감자 / 2kg / 왕특,수미감자,채소,채소류,특,2kg,,,,수미감자
,수미감자 / 3kg / 소,수미감자,채소,채소류,,3kg,,,,수미감자
,수미감자 / 3kg / 중,수미감자,채소,채소류,중,3kg,,,,수미감자
,수미감자 / 3kg / 대,수미감자,채소,채소류,,3kg,,,,수미감자
,수미감자 / 3kg / 특,수미감자,채소,채소류,특,3kg,,,,수미감자
,수미감자 / 3kg / 왕특,수미감자,채소,채소류,특,3kg,,,,수미감자
,수미감자 / 5kg / 소,수미감자,채소,채소류,,5kg,,,,수미감자
,수미감자 / 5kg / 중,수미감자,채소,채소류,중,5kg,,,,수미감자
,수미감자 / 5kg / 대,수미감자,채소,채소류,,5kg,,,,수미감자
,수미감자 / 5kg / 특,수미감자,채소,채소류,특,5kg,,,,수미감자
,수미감자 / 5kg / 왕특,수미감자,채소,채소류,특,5kg,,,,수미감자
,수미감자 / 10kg / 소,수미감자,채소,채소류,,10kg,,,,수미감자
,수미감자 / 10kg / 중,수미감자,채소,채소류,중,10kg,,,,수미감자
,수미감자 / 10kg / 대,수미감자,채소,채소류,,10kg,,,,수미감자
,수미감자 / 10kg / 특,수미감자,채소,채소류,특,10kg,,,,수미감자
,수미감자 / 10kg / 왕특,수미감자,채소,채소류,특,10kg,,,,수미감자
,제주 레드향 못난이 벌크 혼합과 1.5kg,제주 레드향 못난이 벌크 혼합과 1.5kg,과일,미분류,못난이,1.5kg,제주,벌크,,제주레드향못난이벌크혼합과15kg
,제주 레드향 못난이 벌크 혼합과 2.5kg,제주 레드향 못난이 벌크 혼합과 2.5kg,과일,미분류,못난이,2.5kg,제주,벌크,,제주레드향못난이벌크혼합과25kg
,제주 레드향 못난이 벌크 혼합과 4.5kg,제주 레드향 못난이 벌크 혼합과 4.5kg,과일,미분류,못난이,4.5kg,제주,벌크,,제주레드향못난이벌크혼합과45kg
,제주 레드향 못난이 벌크 혼합과 9kg,제주 레드향 못난이 벌크 혼합과 9kg,과일,미분류,못난이,9kg,제주,벌크,,제주레드향못난이벌크혼합과9kg
,제주 한라봉 못난이 벌크 혼합과 1.5kg,제주 한라봉 못난이 벌크 혼합과 1.5kg,과일,미분류,못난이,1.5kg,제주,봉,,제주한라봉못난이벌크혼합과15kg
,제주 한라봉 못난이 벌크 혼합과 2.5kg,제주 한라봉 못난이 벌크 혼합과 2.5kg,과일,미분류,못난이,2.5kg,제주,봉,,제주한라봉못난이벌크혼합과25kg
,제주 한라봉 못난이 벌크 혼합과 4.5kg,제주 한라봉 못난이 벌크 혼합과 4.5kg,과일,미분류,못난이,4.5kg,제주,봉,,제주한라봉못난이벌크혼합과45kg
,제주 한라봉 못난이 벌크 혼합과 9kg,제주 한라봉 못난이 벌크 혼합과 9kg,과일,미분류,못난이,9kg,제주,봉,,제주한라봉못난이벌크혼합과9kg
,포슬미 고구마 3kg 한입 / 40-100g,포슬미 고구마 3kg 한입,채소,채소류,,3kg|100g,,,,포슬미고구마3kg한입
,포슬미 고구마 3kg 특상 / 100-300g,포슬미 고구마 3kg 특상,채소,채소류,특상,3kg|300g,,,,포슬미고구마3kg특상
,포슬미 고구마 3kg 특대 / 300g이상,포슬미 고구마 3kg 특대,채소,채소류,특,3kg,,,,포슬미고구마3kg특대
,포슬미 고구마 5kg 한입 / 40-100g,포슬미 고구마 5kg 한입,채소,채소류,,5kg|100g,,,,포슬미고구마5kg한입
,포슬미 고구마 5kg 특상 / 100-300g,포슬미 고구마 5kg 특상,채소,채소류,특상,5kg|300g,,,,포슬미고구마5kg특상
,포슬미 고구마 5kg 특대 / 300g이상,포슬미 고구마 5kg 특대,채소,채소류,특,5kg,,,,포슬미고구마5kg특대
,포슬미 고구마 10kg 한입 / 40-100g,포슬미 고구마 10kg 한입,채소,채소류,,10kg|100g,,,,포슬미고구마10kg한입
,포슬미 고구마 10kg 특상 / 100-300g,포슬미 고구마 10kg 특상,채소,채소류,특상,10kg|300g,,,,포슬미고구마10kg특상
,포슬미 고구마 10kg 특대 / 300g이상,포슬미 고구마 10kg 특대,채소,채소류,특,10kg,,,,포슬미고구마10kg특대
,성주참외 3KG 대과,성주참외 3KG 대과,과일,과일류,,3KG,,,,성주참외3kg대과
,성주참외 3KG 중과,성주참외 3KG 중과,과일,과일류,중,3KG,,,,성주참외3kg중과
,성주참외 5KG 대과,성주참외 5KG 대과,과일,과일류,,5KG,,,,성주참외5kg대과
,성주참외 5KG 중과,성주참외 5KG 중과,과일,과일류,중,5KG,,,,성주참외5kg중과
,레드향/천혜향/한라봉 3종 혼합 5kg / 선물박스+부직포포장,레드향,과일,미분류,,5kg,,봉,,레드향
,레드향/천혜향/한라봉 3종 혼합 5kg / 선물세트,레드향,과일,미분류,,5kg,,봉,,레드향
,하우스 한라봉 중품 벌크 혼합과 / 2kg,하우스 한라봉 중품 벌크 혼합과,과일,미분류,하,2kg,,봉,,하우스한라봉중품벌크혼합과
,하우스 한라봉 중품 벌크 혼합과 / 3kg,하우스 한라봉 중품 벌크 혼합과,과일,미분류,하,3kg,,봉,,하우스한라봉중품벌크혼합과
,하우스 한라봉 중품 벌크 혼합과 / 5kg,하우스 한라봉 중품 벌크 혼합과,과일,미분류,하,5kg,,봉,,하우스한라봉중품벌크혼합과
,하우스 한라봉 중품 벌크 혼합과 / 10kg,하우스 한라봉 중품 벌크 혼합과,과일,미분류,하,10kg,,봉,,하우스한라봉중품벌크혼합과
,하우스 한라봉 상품 벌크 중소과 / 2kg,하우스 한라봉 상품 벌크 중소과,과일,미분류,하,2kg,,봉,,하우스한라봉상품벌크중소과
,하우스 한라봉 상품 벌크 중소과 / 3kg,하우스 한라봉 상품 벌크 중소과,과일,미분류,하,3kg,,봉,,하우스한라봉상품벌크중소과
,하우스 한라봉 상품 벌크 중소과 / 5kg,하우스 한라봉 상품 벌크 중소과,과일,미분류,하,5kg,,봉,,하우스한라봉상품벌크중소과
,하우스 한라봉 상품 벌크 중소과 / 10kg,하우스 한라봉 상품 벌크 중소과,과일,미분류,하,10kg,,봉,,하우스한라봉상품벌크중소과
,하우스 한라봉 상품 벌크 중대과 / 2kg,하우스 한라봉 상품 벌크 중대과,과일,미분류,하,2kg,,봉,,하우스한라봉상품벌크중대과
,하우스 한라봉 상품 벌크 중대과 / 3kg,하우스 한라봉 상품 벌크 중대과,과일,미분류,하,3kg,,봉,,하우스한라봉상품벌크중대과
,하우스 한라봉 상품 벌크 중대과 / 5kg,하우스 한라봉 상품 벌크 중대과,과일,미분류,하,5kg,,봉,,하우스한라봉상품벌크중대과
,하우스 한라봉 상품 벌크 중대과 / 10kg,하우스 한라봉 상품 벌크 중대과,과일,미분류,하,10kg,,봉,,하우스한라봉상품벌크중대과
,사과 10kg 쥬스용 혼합과,사과 10kg 쥬스용 혼합과,과일,과채가공품,,10kg,,,,사과10kg쥬스용혼합과
,산양삼 2등품 5-6년산 30뿌리,산양삼 2등품 5-6년산 30뿌리,미분류,미분류,,,,,,산양삼2등품56년산30뿌리
,산양삼 2등품 5-6년산 50뿌리,산양삼 2등품 5-6년산 50뿌리,미분류,미분류,,,,,,산양삼2등품56년산50뿌리
,산양삼 2등품 7-8년산 5뿌리,산양삼 2등품 7-8년산 5뿌리,미분류,미분류,,,,,,산양삼2등품78년산5뿌리
,산양삼 2등품 7-8년산 10뿌리,산양삼 2등품 7-8년산 10뿌리,미분류,미분류,,,,,,산양삼2등품78년산10뿌리
,산양삼 특품 7-8년산 5뿌리,산양삼 특품 7-8년산 5뿌리,미분류,미분류,특품,,,,,산양삼특품78년산5뿌리
,산양삼 특품 7-8년산 10뿌리,산양삼 특품 7-8년산 10뿌리,미분류,미분류,특품,,,,,산양삼특품78년산10뿌리
,산양삼 특품 8-10년산 5뿌리,산양삼 특품 8-10년산 5뿌리,미분류,미분류,특품,,,,,산양삼특품810년산5뿌리
,산양삼 특품 8-10년산 10뿌리,산양삼 특품 8-10년산 10뿌리,미분류,미분류,특품,,,,,산양삼특품810년산10뿌리
,산양삼 특품 12-15년산 3뿌리,산양삼 특품 12-15년산 3뿌리,미분류,미분류,특품,,,,,산양삼특품1215년산3뿌리
,산양삼 특품 12-15년산 5뿌리,산양삼 특품 12-15년산 5뿌리,미분류,미분류,특품,,,,,산양삼특품1215년산5뿌리
,손질 검정 새조개 200g(10미내외),손질 검정 새조개 200g(10미내외),미분류,신선편의식품,,200g,,,,손질검정새조개200g10미내외
,손질 검정 새조개 400g(20미내외),손질 검정 새조개 400g(20미내외),미분류,신선편의식품,,400g,,,,손질검정새조개400g20미내외
,손질 검정 새조개 500g(25미내외),손질 검정 새조개 500g(25미내외),미분류,신선편의식품,,500g,,,,손질검정새조개500g25미내외
,손질 검정 새조개 1kg(50미내외),손질 검정 새조개 1kg(50미내외),미분류,신선편의식품,,1kg,,,,손질검정새조개1kg50미내외
,하우스 레드향 상품 벌크 중소과 / 2kg,하우스 레드향 상품 벌크 중소과,과일,미분류,하,2kg,,벌크,,하우스레드향상품벌크중소과
,하우스 레드향 상품 벌크 중소과 / 3kg,하우스 레드향 상품 벌크 중소과,과일,미분류,하,3kg,,벌크,,하우스레드향상품벌크중소과
,하우스 레드향 상품 벌크 중소과 / 5kg,하우스 레드향 상품 벌크 중소과,과일,미분류,하,5kg,,벌크,,하우스레드향상품벌크중소과
,하우스 레드향 상품 벌크 중소과 / 10kg,하우스 레드향 상품 벌크 중소과,과일,미분류,하,10kg,,벌크,,하우스레드향상품벌크중소과
,하우스 레드향 상품 벌크 중대과 / 2kg,하우스 레드향 상품 벌크 중대과,과일,미분류,하,2kg,,벌크,,하우스레드향상품벌크중대과
,하우스 레드향 상품 벌크 중대과 / 3kg,하우스 레드향 상품 벌크 중대과,과일,미분류,하,3kg,,벌크,,하우스레드향상품벌크중대과
,하우스 레드향 상품 벌크 중대과 / 5kg,하우스 레드향 상품 벌크 중대과,과일,미분류,하,5kg,,벌크,,하우스레드향상품벌크중대과
,하우스 레드향 상품 벌크 중대과 / 10kg,하우스 레드향 상품 벌크 중대과,과일,미분류,하,10kg,,벌크,,하우스레드향상품벌크중대과
