vendor_name,room_name,event_type,notice_subtype,importance_level,importance_score,event_at,message_snippet
"과일 농수산 위탁판매전문 셀러:벤더사:협력사환영","과일 농수산 위탁판매전문 셀러:벤더사:협력사환영","NOTICE","","low","40.0","2026-02-12T19:00:36","바쁘시더라도 공지는 꼭❗️필독 부탁드립니다"
"신선마켓 위탁셀러","신선마켓 위탁셀러","NOTICE","","low","40.0","2026-02-12T18:40:02","[하트 ❤️ 한번씩 부탁드립니다~ 😊]

전체공개용 공급가표
https://docs.google.com/spreadsheets/d/1MlASbp0pmevURtHOe-j_LQpIdJuWLKQZfCoHtUOIvQE/ed"
"과일판매 과일위탁 농산물 국산과일 수입과일  위탁문의","과일판매 과일위탁 농산물 국산과일 수입과일  위탁문의","PRICE_DOWN","","medium","70.0","2026-02-12T18:34:26","❤️우측상단 > 삼단바 三 꾹❤️ 
커버보기 꾹 ❤️ 눌러주세요

💡공지사항 필독💡
➡️꼭 자세히 읽어주세요
자세한 안내사항 및 공급단가표
확인하실 수 있습니다 공지필독❗️

💡이 방은 공급방입니다💡
➡️홍보,광고글"
"최고집 경북농산물유통센터 : B2B : 초보셀러환영","최고집 경북농산물유통센터 : B2B : 초보셀러환영","SOLD_OUT","","high","90.0","2026-02-12T18:17:15","📢최고집 '추천' 상품

🍐 배 선물세트 5kg (5-10입) ; 25,300원 🍐

✅익일 오후1시 발주건까지 당일 출고! 
✅초한정물량!
✅재고 소진시 바로 품절!


👇실시간 반영 단가표👇
https://doc"
"신선마켓 위탁셀러","신선마켓 위탁셀러","SOLD_OUT","","high","90.0","2026-02-12T18:15:08","📌 20260212(목) 공지사항 📌

🟦 [정보수정] 0396 크림슨 포도
- 수입 포도류는 후숙되면서 가지가 마르고 갈변하게 됩니다
- 당도가 많이 올라왔다는 뜻이며
- 해당 부분 상세페이지 2번 주의사항 부분에"
"📢 푸드대통령 📢 과일 위탁판매 농수산물 셀러모집","📢 푸드대통령 📢 과일 위탁판매 농수산물 셀러모집","PRICE_DOWN","","medium","70.0","2026-02-12T18:10:07","🔥🔥2월 2차 특가 상품 공개🔥🔥

명절 기간 고생 많으셨습니다!!🙇🏻‍♀️🙇🏻‍♂️

명절 이후 남은 2월도
저희 푸드대통령과 함께
🔥파이팅 넘치는 매출🔥
만들어보시죠!!

2월 2차 특가 상품 공개합니다!!

✅"
"최고집 경북농산물유통센터 : B2B : 초보셀러환영","최고집 경북농산물유통센터 : B2B : 초보셀러환영","RESTOCK","","high","85.0","2026-02-12T18:00:56","2월 12일 제주 구좌당근 입고 
소싱부터 CS까지 ‘최고집’ 에서 모두 해결하세요!"
"최고집 경북농산물유통센터 : B2B : 초보셀러환영","최고집 경북농산물유통센터 : B2B : 초보셀러환영","RESTOCK","","high","85.0","2026-02-12T17:59:23","2월 12일 부사 입고
대표님의 상품 출고가 
최우선이 될 수 있도록 노력하겠습니다 !"
"과일 농수산 위탁판매전문 셀러:벤더사:협력사환영","과일 농수산 위탁판매전문 셀러:벤더사:협력사환영","NEW_ITEM","","low","45.0","2026-02-12T17:57:26","[0212 일일공지사항]
자세한 내용은 아래 링크를 참고하시고
판매에 어려움이 없도록 부탁드립니다.^^
.
📌신규오픈
✔️[1+1] 어선방 3종 천연 다시팩 10입+10입 총20입
※상세페이지는 작업 후 업로드 예정"
"과일판매 과일위탁 농산물 국산과일 수입과일  위탁문의","과일판매 과일위탁 농산물 국산과일 수입과일  위탁문의","NEW_ITEM","","low","45.0","2026-02-12T17:57:19","[0212 일일공지사항]
자세한 내용은 아래 링크를 참고하시고
판매에 어려움이 없도록 부탁드립니다.^^
.
📌신규오픈
✔️[1+1] 어선방 3종 천연 다시팩 10입+10입 총20입
※상세페이지는 작업 후 업로드 예정"
"월억도전 과일 신선식품 농수축산물 위탁판매 셀러모집","월억도전 과일 신선식품 농수축산물 위탁판매 셀러모집","NOTICE","","low","40.0","2026-02-12T17:51:45","[중요] 자체물류 야간 작업 및 취소 반영 관련 추가 안내

https://cafe.naver.com/achievemillionaire/8307"
"신선마켓 위탁셀러","신선마켓 위탁셀러","NOTICE","","low","40.0","2026-02-12T17:43:00","🟧 [배송안내] 02월 13일(금) 출고 가능 상품
0050 국내산 수미감자 
0223 국내산 호박고구
0224 제주산 구좌당근
0261 무농약 연근
0281 국내산 꿀고구마
0293 국내산 당근
0298 국내산 감"
"팡이그룹 과일위탁 농산물 셀러모집","팡이그룹 과일위탁 농산물 셀러모집","SOLD_OUT","","high","90.0","2026-02-12T17:40:26","★골드키위 특대과 즉시품절★"
"신선마켓 위탁셀러","신선마켓 위탁셀러","PRICE_DOWN","","medium","70.0","2026-02-12T17:33:33","🔽 [가격인하] 0034 국내산 파프리카
2kg/정품/8~12개 내외             32,300 > 31,400        ▼900
2kg/가정용/12~18개 내외        29,500 > 28,000 "
"과일 농수산 위탁판매전문 셀러:벤더사:협력사환영","과일 농수산 위탁판매전문 셀러:벤더사:협력사환영","NEW_ITEM","","low","45.0","2026-02-12T17:25:04","[0212 일일공지사항]
자세한 내용은 아래 링크를 참고하시고
판매에 어려움이 없도록 부탁드립니다.^^
.
📌신규오픈
✔️두바이쫀득쿠키 50g 1개   108198   ₩4,760   신규
✔️[1+1] 두바이쫀득쿠"
"과일판매 과일위탁 농산물 국산과일 수입과일  위탁문의","과일판매 과일위탁 농산물 국산과일 수입과일  위탁문의","NEW_ITEM","","low","45.0","2026-02-12T17:24:46","[0212 일일공지사항]
자세한 내용은 아래 링크를 참고하시고
판매에 어려움이 없도록 부탁드립니다.^^
.
📌신규오픈
✔️두바이쫀득쿠키 50g 1개   108198   ₩4,760   신규
✔️[1+1] 두바이쫀득쿠"
"과일판매 과일위탁 농산물 국산과일 수입과일  위탁문의","과일판매 과일위탁 농산물 국산과일 수입과일  위탁문의","NOTICE","","low","40.0","2026-02-12T17:01:05","📦택배 일정 관련 공지
썬키스트 블랙라벨 오렌지 수입통관 지연으로 23일(월)부터 순차출고입니다.
해당 내용 숙지하시어 고객님들께 안내 부탁드립니다.
지연이 되어 죄송합니다. 최대한 빠른 출고 하도록 노력하겠습니다."
"과일 농수산 위탁판매전문 셀러:벤더사:협력사환영","과일 농수산 위탁판매전문 셀러:벤더사:협력사환영","NOTICE","","low","40.0","2026-02-12T17:00:58","📦택배 일정 관련 공지
썬키스트 블랙라벨 오렌지 수입통관 지연으로 23일(월)부터 순차출고입니다.
해당 내용 숙지하시어 고객님들께 안내 부탁드립니다.
지연이 되어 죄송합니다. 최대한 빠른 출고 하도록 노력하겠습니다."
"월억도전 과일 신선식품 농수축산물 위탁판매 셀러모집","월억도전 과일 신선식품 농수축산물 위탁판매 셀러모집","SOLD_OUT","","high","100.0","2026-02-12T16:59:28","https://cafe.naver.com/achievemillionaire/8306

⭐02월 12일 목요일 공지⭐

[01] 단가 인상 (내일 오전 10시 이후)
-국내산 골드키위 (일부 옵션 제외)

[02] 단"
"📢 푸드대통령 📢 과일 위탁판매 농수산물 셀러모집","📢 푸드대통령 📢 과일 위탁판매 농수산물 셀러모집","NEW_ITEM","","low","45.0","2026-02-12T16:59:01","‼️공지사항&가이드 필독‼️

🎊신규입점 이벤트 진행 중🎊
누적 발주 수량 10개 달성 시
🎁배민기프티콘1만원권🎁 증정!!

👇입점신청/상담/문의 바로가기👇
https://link.inpock.co.kr/foodpr"
"최고집 경북농산물유통센터 : B2B : 초보셀러환영","최고집 경북농산물유통센터 : B2B : 초보셀러환영","SOLD_OUT","","high","90.0","2026-02-12T16:49:59","2/16(월) 부터 단가 변경, 적용되는 품목 공유 드립니다.
단가는 금요일 오후 어드민 업데이트 예정입니다.

*신규
<건대추, 두바이st쫀득쿠키, 루비벨토마토, 오색 칵테일토마토, 컬러 대추방울토마토, 흑대추방울"
"월억도전 과일 신선식품 농수축산물 위탁판매 셀러모집","월억도전 과일 신선식품 농수축산물 위탁판매 셀러모집","SOLD_OUT","","high","90.0","2026-02-12T16:29:11","[품절] 자체물류 선물세트 일부 품목 (오늘 오후 6시 이후)

https://cafe.naver.com/achievemillionaire/8304"
"📢 푸드대통령 📢 과일 위탁판매 농수산물 셀러모집","📢 푸드대통령 📢 과일 위탁판매 농수산물 셀러모집","PRICE_DOWN","","medium","70.0","2026-02-12T15:53:49","⭐️⭐️신상품 OPEN 안내⭐️⭐️

💚 국내산 곱창김
💚 신안,완도 일대의 곱창김입니다!
💚 꾸준히 매니아층 고객 확보에 좋습니다!

104307
104474
104475

공급가 시트에서 확인하실 수 있습니다!!"
"과일 농수산 위탁판매전문 셀러:벤더사:협력사환영","과일 농수산 위탁판매전문 셀러:벤더사:협력사환영","PRICE_UP","","high","80.0","2026-02-12T15:27:38","[0212 일일공지사항]
자세한 내용은 아래 링크를 참고하시고
판매에 어려움이 없도록 부탁드립니다.^^
.
📌재오픈
✔️해풍맞고 자란 남해 노지 시금치 500g   107741   ₩6,990

🔽인하
✔️해풍맞고 "
"과일판매 과일위탁 농산물 국산과일 수입과일  위탁문의","과일판매 과일위탁 농산물 국산과일 수입과일  위탁문의","PRICE_UP","","high","80.0","2026-02-12T15:27:32","[0212 일일공지사항]
자세한 내용은 아래 링크를 참고하시고
판매에 어려움이 없도록 부탁드립니다.^^
.
📌재오픈
✔️해풍맞고 자란 남해 노지 시금치 500g   107741   ₩6,990

🔽인하
✔️해풍맞고 "
"최고집 경북농산물유통센터 : B2B : 초보셀러환영","최고집 경북농산물유통센터 : B2B : 초보셀러환영","RESTOCK","","high","85.0","2026-02-12T15:16:08","2월 12일 
비트, 콜라비, 봄동, 미나리 입고
대표님의 상품 출고가 
최우선이 될 수 있도록 노력하겠습니다 !"
"월억도전 과일 신선식품 농수축산물 위탁판매 셀러모집","월억도전 과일 신선식품 농수축산물 위탁판매 셀러모집","SOLD_OUT","","high","90.0","2026-02-12T15:13:59","https://cafe.naver.com/achievemillionaire/8303

6과수 선물세트도 준비된 박스 재고 소진으로 인하여
금일 오후 4시 이후 품절 예정이오니 판매에 참고 부탁드립니다."
"최고집 경북농산물유통센터 : B2B : 초보셀러환영","최고집 경북농산물유통센터 : B2B : 초보셀러환영","RESTOCK","","high","85.0","2026-02-12T15:13:38","2월 12일 양파 입고
꼼꼼하게 검수하여 출고하도록 하겠습니다 
믿고 맡겨주셔서 감사합니다 !"
"과일 농수산 위탁판매전문 셀러:벤더사:협력사환영","과일 농수산 위탁판매전문 셀러:벤더사:협력사환영","PRICE_UP","","high","80.0","2026-02-12T14:54:46","[0212 일일공지사항]
자세한 내용은 아래 링크를 참고하시고
판매에 어려움이 없도록 부탁드립니다.^^
.
🔺인상
✔️해남 손질 세척 냉이
✔️해남 제철 봄동
✔️해남 제철 알배기 쌈배추


🔗 [일일 공지사항 및 "
"과일판매 과일위탁 농산물 국산과일 수입과일  위탁문의","과일판매 과일위탁 농산물 국산과일 수입과일  위탁문의","PRICE_UP","","high","80.0","2026-02-12T14:54:36","[0212 일일공지사항]
자세한 내용은 아래 링크를 참고하시고
판매에 어려움이 없도록 부탁드립니다.^^
.
🔺인상
✔️해남 손질 세척 냉이
✔️해남 제철 봄동
✔️해남 제철 알배기 쌈배추


🔗 [일일 공지사항 및 "
"과일 농수산 위탁판매전문 셀러:벤더사:협력사환영","과일 농수산 위탁판매전문 셀러:벤더사:협력사환영","PRICE_DOWN","","medium","70.0","2026-02-12T14:48:24","❤️우측상단 > 삼단바 三 꾹❤️ 
커버보기 꾹 ❤️ 눌러주세요

💡공지사항 필독💡
➡️꼭 자세히 읽어주세요
자세한 안내사항 및 공급단가표
확인하실 수 있습니다 공지필독❗️

💡이 방은 공급방입니다💡
➡️홍보,광고글"
"월억도전 과일 신선식품 농수축산물 위탁판매 셀러모집","월억도전 과일 신선식품 농수축산물 위탁판매 셀러모집","SOLD_OUT","","high","90.0","2026-02-12T14:47:15","https://cafe.naver.com/achievemillionaire/8301

애플망고 및 골드망고 재고 완전 소진으로 인하여
해당 품목 포함된 선물세트 오늘 오후 3시 이후 긴급 품절 예정으로 안내드립니다."
"과일 농수산 위탁판매전문 셀러:벤더사:협력사환영","과일 농수산 위탁판매전문 셀러:벤더사:협력사환영","NOTICE","","low","40.0","2026-02-12T14:44:30","📦택배 일정 관련 공지
현재 제주지역 택배물량 폭증으로 인해서 작업후 택배상차 출고진행중이긴하나 
올라가는 배편이 물량에비해 모자라 항차지연이발생하고있습니다.
송장등록건은 작업완료후 출고진행된건으로 확인해주시고 
송"
"과일판매 과일위탁 농산물 국산과일 수입과일  위탁문의","과일판매 과일위탁 농산물 국산과일 수입과일  위탁문의","NOTICE","","low","40.0","2026-02-12T14:44:22","📦택배 일정 관련 공지
현재 제주지역 택배물량 폭증으로 인해서 작업후 택배상차 출고진행중이긴하나 
올라가는 배편이 물량에비해 모자라 항차지연이발생하고있습니다.
송장등록건은 작업완료후 출고진행된건으로 확인해주시고 
송"
"📢 푸드대통령 📢 과일 위탁판매 농수산물 셀러모집","📢 푸드대통령 📢 과일 위탁판매 농수산물 셀러모집","NOTICE","","low","40.0","2026-02-12T14:28:13","🎁 선물세트 판매 관련 안내 🎁

현재 산지 수량을 파악하고 있으나
주문량 포화로 인해 빠른 파악이 어렵습니다!

명절기간 이후 판매 가능한 상품들은
별도로 공지드릴 예정입니다."
"과일 농수산 위탁판매전문 셀러:벤더사:협력사환영","과일 농수산 위탁판매전문 셀러:벤더사:협력사환영","NEW_ITEM","","low","45.0","2026-02-12T14:23:42","[0212 일일공지사항]
자세한 내용은 아래 링크를 참고하시고
판매에 어려움이 없도록 부탁드립니다.^^
.
📌신규🔥슈퍼특가🔥
✔️[특가] 남해안 새꼬막 3kg (270미 내외)   108196   ₩8,640   신"
"과일판매 과일위탁 농산물 국산과일 수입과일  위탁문의","과일판매 과일위탁 농산물 국산과일 수입과일  위탁문의","NEW_ITEM","","low","45.0","2026-02-12T14:23:17","[0212 일일공지사항]
자세한 내용은 아래 링크를 참고하시고
판매에 어려움이 없도록 부탁드립니다.^^
.
📌신규🔥슈퍼특가🔥
✔️[특가] 남해안 새꼬막 3kg (270미 내외)   108196   ₩8,640   신"
"최고집 경북농산물유통센터 : B2B : 초보셀러환영","최고집 경북농산물유통센터 : B2B : 초보셀러환영","PRICE_UP","","high","80.0","2026-02-12T14:06:34","📌 비밀특가 OPEN!📌

'최고집' 만의 비밀 특가🤫
다수에게 공개되지 않는 한정 특가로, 매주 품목 변경!
금주 진행하였던 '블루베리 / 노지 한라봉'는 익일 종료될 예정입니다.

👉 차주 비밀특가 품목은 '청도"
"월억도전 과일 신선식품 농수축산물 위탁판매 셀러모집","월억도전 과일 신선식품 농수축산물 위탁판매 셀러모집","NOTICE","","low","40.0","2026-02-12T13:49:43","[중요] 상품 출고 및 송장 관련 안내드립니다.

https://cafe.naver.com/achievemillionaire/8299"
"과일 농수산 위탁판매전문 셀러:벤더사:협력사환영","과일 농수산 위탁판매전문 셀러:벤더사:협력사환영","PRICE_DOWN","","medium","70.0","2026-02-12T13:39:55","❤️우측상단 > 삼단바 三 꾹❤️ 
커버보기 꾹 ❤️ 눌러주세요

💡공지사항 필독💡
➡️꼭 자세히 읽어주세요
자세한 안내사항 및 공급단가표
확인하실 수 있습니다 공지필독❗️

💡이 방은 공급방입니다💡
➡️홍보,광고글"
"과일판매 과일위탁 농산물 국산과일 수입과일  위탁문의","과일판매 과일위탁 농산물 국산과일 수입과일  위탁문의","PRICE_DOWN","","medium","70.0","2026-02-12T13:12:10","❤️우측상단 > 삼단바 三 꾹❤️ 
커버보기 꾹 ❤️ 눌러주세요

💡공지사항 필독💡
➡️꼭 자세히 읽어주세요
자세한 안내사항 및 공급단가표
확인하실 수 있습니다 공지필독❗️

💡이 방은 공급방입니다💡
➡️홍보,광고글"
"UNKNOWN","과일판매 과일위탁 농산물 국산과일 수입과일  위탁문의","PRICE_DOWN","","medium","70.0","2026-02-12T13:12:10","❤️우측상단 > 삼단바 三 꾹❤️ 
커버보기 꾹 ❤️ 눌러주세요

💡공지사항 필독💡
➡️꼭 자세히 읽어주세요
자세한 안내사항 및 공급단가표
확인하실 수 있습니다 공지필독❗️

💡이 방은 공급방입니다💡
➡️홍보,광고글"
"팡이그룹 과일위탁 농산물 셀러모집","팡이그룹 과일위탁 농산물 셀러모집","PRICE_DOWN","","medium","70.0","2026-02-12T12:48:54","★카다이프,두쫀쿠스모어 공지사항★

카다이프,두쫀쿠스모어 대폭인하예정

★신규옵션 추가예정★
카다이프
- 250g
- 500g
- 1kg
- 2kg
- 3kg
- 4kg
- 5kg
- 6kg
- 7kg
- 8kg

"
"과일 농수산 위탁판매전문 셀러:벤더사:협력사환영","과일 농수산 위탁판매전문 셀러:벤더사:협력사환영","PRICE_DOWN","","medium","70.0","2026-02-12T12:39:52","❤️우측상단 > 삼단바 三 꾹❤️ 
커버보기 꾹 ❤️ 눌러주세요

💡공지사항 필독💡
➡️꼭 자세히 읽어주세요
자세한 안내사항 및 공급단가표
확인하실 수 있습니다 공지필독❗️

💡이 방은 공급방입니다💡
➡️홍보,광고글"
"신선마켓 위탁셀러","신선마켓 위탁셀러","NOTICE","","low","40.0","2026-02-12T12:14:02","[하트 ❤️ 한번씩 부탁드립니다~ 😊]

전체공개용 공급가표
https://docs.google.com/spreadsheets/d/1MlASbp0pmevURtHOe-j_LQpIdJuWLKQZfCoHtUOIvQE/ed"
"과일 농수산 위탁판매전문 셀러:벤더사:협력사환영","과일 농수산 위탁판매전문 셀러:벤더사:협력사환영","PRICE_DOWN","","medium","70.0","2026-02-12T12:12:13","❤️우측상단 > 삼단바 三 꾹❤️ 
커버보기 꾹 ❤️ 눌러주세요

💡공지사항 필독💡
➡️꼭 자세히 읽어주세요
자세한 안내사항 및 공급단가표
확인하실 수 있습니다 공지필독❗️

💡이 방은 공급방입니다💡
➡️홍보,광고글"
"과일판매 과일위탁 농산물 국산과일 수입과일  위탁문의","과일판매 과일위탁 농산물 국산과일 수입과일  위탁문의","PRICE_DOWN","","medium","70.0","2026-02-12T11:59:38","❤️우측상단 > 삼단바 三 꾹❤️ 
커버보기 꾹 ❤️ 눌러주세요

💡공지사항 필독💡
➡️꼭 자세히 읽어주세요
자세한 안내사항 및 공급단가표
확인하실 수 있습니다 공지필독❗️

💡이 방은 공급방입니다💡
➡️홍보,광고글"
"UNKNOWN","과일판매 과일위탁 농산물 국산과일 수입과일  위탁문의","PRICE_DOWN","","medium","70.0","2026-02-12T11:59:38","❤️우측상단 > 삼단바 三 꾹❤️ 
커버보기 꾹 ❤️ 눌러주세요

💡공지사항 필독💡
➡️꼭 자세히 읽어주세요
자세한 안내사항 및 공급단가표
확인하실 수 있습니다 공지필독❗️

💡이 방은 공급방입니다💡
➡️홍보,광고글"
"월억도전 과일 신선식품 농수축산물 위탁판매 셀러모집","월억도전 과일 신선식품 농수축산물 위탁판매 셀러모집","SOLD_OUT","","high","90.0","2026-02-12T11:52:27","[품절] 통민어 선물세트 (즉각 적용)

https://cafe.naver.com/achievemillionaire/8298"
"품절","월억도전 과일 신선식품 농수축산물 위탁판매 셀러모집","SOLD_OUT","","high","90.0","2026-02-12T11:52:27","[품절] 통민어 선물세트 (즉각 적용)

https://cafe.naver.com/achievemillionaire/8298"
"신선마켓 위탁셀러","신선마켓 위탁셀러","SOLD_OUT","","high","90.0","2026-02-12T11:45:45","🟥 [일부옵션 품절] 0443 보석귤(성전귤) 
1kg / 2L~3L
2kg / 2L~3L
3kg / 2L~3L
4kg / 2L~3L
5kg / 2L~3L
10kg / 2L~3L
- 2L~3L 옵션은 현시부로 품절"
"일부옵션 품절","신선마켓 위탁셀러","SOLD_OUT","","high","90.0","2026-02-12T11:45:45","🟥 [일부옵션 품절] 0443 보석귤(성전귤) 
1kg / 2L~3L
2kg / 2L~3L
3kg / 2L~3L
4kg / 2L~3L
5kg / 2L~3L
10kg / 2L~3L
- 2L~3L 옵션은 현시부로 품절"
"팜허브 당일출고 위탁판매 초저가 과일 농수축산가공신선","팜허브 당일출고 위탁판매 초저가 과일 농수축산가공신선","SOLD_OUT","","high","90.0","2026-02-12T11:36:33","#품절 #긴급

즉시품절 / 잔여발주 접수불가❌

ㄴ 26년 햇감자 전옵션
ㄴ [제휴A] 영주별사과(특) 9입 선물세트 대과 (850g)

사유: 물량 소진, 시즌 종료. 별사과 못난이, 수미감자 발주 가능합니다"
"제휴A","팜허브 당일출고 위탁판매 초저가 과일 농수축산가공신선","SOLD_OUT","","high","90.0","2026-02-12T11:36:33","#품절 #긴급

즉시품절 / 잔여발주 접수불가❌

ㄴ 26년 햇감자 전옵션
ㄴ [제휴A] 영주별사과(특) 9입 선물세트 대과 (850g)

사유: 물량 소진, 시즌 종료. 별사과 못난이, 수미감자 발주 가능합니다"
"팜허브 당일출고 위탁판매 초저가 과일 농수축산가공신선","팜허브 당일출고 위탁판매 초저가 과일 농수축산가공신선","DELAY_NOTICE","DELIVERY_DELAY","high","90.0","2026-02-12T11:33:03","★ 제주발 배송지연 추가 공지 ★

현재 제주도에 [해무(기상 악화)]가 심하여 내륙발 출항 예정이었던 선박 결항되었습니다.
배송지연 추가적으로 발생할 듯 합니다. 

11일까지의 발주건 선박 대기중으로 배송흐름 미"
"해무(기상 악화)","팜허브 당일출고 위탁판매 초저가 과일 농수축산가공신선","NOTICE","DELIVERY_DELAY","medium","55.0","2026-02-12T11:33:03","★ 제주발 배송지연 추가 공지 ★

현재 제주도에 [해무(기상 악화)]가 심하여 내륙발 출항 예정이었던 선박 결항되었습니다.
배송지연 추가적으로 발생할 듯 합니다. 

11일까지의 발주건 선박 대기중으로 배송흐름 미"
"과일판매 과일위탁 농산물 국산과일 수입과일  위탁문의","과일판매 과일위탁 농산물 국산과일 수입과일  위탁문의","PRICE_DOWN","","medium","70.0","2026-02-12T11:26:18","❤️우측상단 > 삼단바 三 꾹❤️ 
커버보기 꾹 ❤️ 눌러주세요

💡공지사항 필독💡
➡️꼭 자세히 읽어주세요
자세한 안내사항 및 공급단가표
확인하실 수 있습니다 공지필독❗️

💡이 방은 공급방입니다💡
➡️홍보,광고글"
"UNKNOWN","과일판매 과일위탁 농산물 국산과일 수입과일  위탁문의","PRICE_DOWN","","medium","70.0","2026-02-12T11:26:18","❤️우측상단 > 삼단바 三 꾹❤️ 
커버보기 꾹 ❤️ 눌러주세요

💡공지사항 필독💡
➡️꼭 자세히 읽어주세요
자세한 안내사항 및 공급단가표
확인하실 수 있습니다 공지필독❗️

💡이 방은 공급방입니다💡
➡️홍보,광고글"
"최고집 경북농산물유통센터 : B2B : 초보셀러환영","최고집 경북농산물유통센터 : B2B : 초보셀러환영","NOTICE","","low","40.0","2026-02-12T11:24:47","🚨[참송이버섯] 관련 안내드립니다🚨

저희가 현재 판매하고 있는 상품은 참송이버섯 <가정용> 상품입니다.
<특품/상품 등>의 단어를 사용 판매하시어, 소비자 분들이 혼동에 빠지지 않게 판매 부탁드립니다.

해당건으로"
"참송이버섯","최고집 경북농산물유통센터 : B2B : 초보셀러환영","NOTICE","","low","40.0","2026-02-12T11:24:47","🚨[참송이버섯] 관련 안내드립니다🚨

저희가 현재 판매하고 있는 상품은 참송이버섯 <가정용> 상품입니다.
<특품/상품 등>의 단어를 사용 판매하시어, 소비자 분들이 혼동에 빠지지 않게 판매 부탁드립니다.

해당건으로"
"신선마켓 위탁셀러","신선마켓 위탁셀러","NOTICE","","low","40.0","2026-02-12T11:24:37","[하트 ❤️ 한번씩 부탁드립니다~ 😊]

전체공개용 공급가표
https://docs.google.com/spreadsheets/d/1MlASbp0pmevURtHOe-j_LQpIdJuWLKQZfCoHtUOIvQE/ed"
"하트 ❤️ 한번씩 부탁드립니다~ 😊","신선마켓 위탁셀러","NOTICE","","low","40.0","2026-02-12T11:24:37","[하트 ❤️ 한번씩 부탁드립니다~ 😊]

전체공개용 공급가표
https://docs.google.com/spreadsheets/d/1MlASbp0pmevURtHOe-j_LQpIdJuWLKQZfCoHtUOIvQE/ed"
"월억도전 과일 신선식품 농수축산물 위탁판매 셀러모집","월억도전 과일 신선식품 농수축산물 위탁판매 셀러모집","NOTICE","","low","40.0","2026-02-12T11:22:18","https://cafe.naver.com/achievemillionaire/8295

제주 발송 상품 관련 안내드립니다.
제주 지역 해무(바다 안개)로 인해 금일 내륙발 출항 예정이었던 선박이 결항되었습니다.

현재"
"UNKNOWN","월억도전 과일 신선식품 농수축산물 위탁판매 셀러모집","NOTICE","","low","40.0","2026-02-12T11:22:18","https://cafe.naver.com/achievemillionaire/8295

제주 발송 상품 관련 안내드립니다.
제주 지역 해무(바다 안개)로 인해 금일 내륙발 출항 예정이었던 선박이 결항되었습니다.

현재"
"최고집 경북농산물유통센터 : B2B : 초보셀러환영","최고집 경북농산물유통센터 : B2B : 초보셀러환영","DELAY_NOTICE","DELIVERY_DELAY","high","90.0","2026-02-12T11:16:38","🚨!!!해당 내용 꼭 확인 부탁드립니다!!!🚨

추가적으로 현재 제주도에 [해무(기상 악화)]가 심하여 내륙발 출항 예정이었던 선박 결항되어 배송지연이 더 길어진 상태입니다. 10일 및 11일 발주건 중 일부 14일"
"과일 농수산 위탁판매전문 셀러:벤더사:협력사환영","과일 농수산 위탁판매전문 셀러:벤더사:협력사환영","SOLD_OUT","","high","90.0","2026-02-12T11:10:35","[0212 일일공지사항]
자세한 내용은 아래 링크를 참고하시고
판매에 어려움이 없도록 부탁드립니다.^^
.
🛑일시품절
✔️태국 골드망고 전옵션 
※재오픈시 공지 드리겠습니다.


🔗 [일일 공지사항 및 통합견적서 바"
"0212 일일공지사항","과일 농수산 위탁판매전문 셀러:벤더사:협력사환영","SOLD_OUT","","high","90.0","2026-02-12T11:10:35","[0212 일일공지사항]
자세한 내용은 아래 링크를 참고하시고
판매에 어려움이 없도록 부탁드립니다.^^
.
🛑일시품절
✔️태국 골드망고 전옵션 
※재오픈시 공지 드리겠습니다.


🔗 [일일 공지사항 및 통합견적서 바"
"과일판매 과일위탁 농산물 국산과일 수입과일  위탁문의","과일판매 과일위탁 농산물 국산과일 수입과일  위탁문의","SOLD_OUT","","high","90.0","2026-02-12T11:10:27","[0212 일일공지사항]
자세한 내용은 아래 링크를 참고하시고
판매에 어려움이 없도록 부탁드립니다.^^
.
🛑일시품절
✔️태국 골드망고 전옵션 
※재오픈시 공지 드리겠습니다.


🔗 [일일 공지사항 및 통합견적서 바"
"0212 일일공지사항","과일판매 과일위탁 농산물 국산과일 수입과일  위탁문의","SOLD_OUT","","high","90.0","2026-02-12T11:10:27","[0212 일일공지사항]
자세한 내용은 아래 링크를 참고하시고
판매에 어려움이 없도록 부탁드립니다.^^
.
🛑일시품절
✔️태국 골드망고 전옵션 
※재오픈시 공지 드리겠습니다.


🔗 [일일 공지사항 및 통합견적서 바"
"과일 농수산 위탁판매전문 셀러:벤더사:협력사환영","과일 농수산 위탁판매전문 셀러:벤더사:협력사환영","PRICE_DOWN","","medium","70.0","2026-02-12T10:56:14","❤️우측상단 > 삼단바 三 꾹❤️ 
커버보기 꾹 ❤️ 눌러주세요

💡공지사항 필독💡
➡️꼭 자세히 읽어주세요
자세한 안내사항 및 공급단가표
확인하실 수 있습니다 공지필독❗️

💡이 방은 공급방입니다💡
➡️홍보,광고글"
"UNKNOWN","과일 농수산 위탁판매전문 셀러:벤더사:협력사환영","PRICE_DOWN","","medium","70.0","2026-02-12T10:56:14","❤️우측상단 > 삼단바 三 꾹❤️ 
커버보기 꾹 ❤️ 눌러주세요

💡공지사항 필독💡
➡️꼭 자세히 읽어주세요
자세한 안내사항 및 공급단가표
확인하실 수 있습니다 공지필독❗️

💡이 방은 공급방입니다💡
➡️홍보,광고글"
"최고집 경북농산물유통센터 : B2B : 초보셀러환영","최고집 경북농산물유통센터 : B2B : 초보셀러환영","NOTICE","","low","40.0","2026-02-12T10:43:47","🚨🚨따로 문자나 이메일을 통해 '특가' 공유 받고 싶은 대표님들 주목 부탁드립니다!!🚨🚨

아래 링크의 마케팅 활용 동의서에 동의해주시면
'최고집'에서 '특가'가 뜰 때마다 별도로 안내드려요!

🎉어드민에 가입하지 "
"UNKNOWN","최고집 경북농산물유통센터 : B2B : 초보셀러환영","PRICE_DOWN","","medium","70.0","2026-02-12T10:43:47","🚨🚨따로 문자나 이메일을 통해 '특가' 공유 받고 싶은 대표님들 주목 부탁드립니다!!🚨🚨

아래 링크의 마케팅 활용 동의서에 동의해주시면
'최고집'에서 '특가'가 뜰 때마다 별도로 안내드려요!

🎉어드민에 가입하지 "
"최고집 경북농산물유통센터 : B2B : 초보셀러환영","최고집 경북농산물유통센터 : B2B : 초보셀러환영","NOTICE","","low","40.0","2026-02-12T10:00:19","📌 온라인 농산물 이커머스 1등, 
[최고집]입니다!! 📌

✨[공지사항 필독 부탁드립니다!!]✨

❌ 😤도도매와 비교불가😤 ❌

최고집은 생산부터 물류까지
 👍 [ ALL-IN-ONE ] 👍


1️⃣ 직접생산
 "
"최고집","최고집 경북농산물유통센터 : B2B : 초보셀러환영","NOTICE","","low","40.0","2026-02-12T10:00:19","📌 온라인 농산물 이커머스 1등, 
[최고집]입니다!! 📌

✨[공지사항 필독 부탁드립니다!!]✨

❌ 😤도도매와 비교불가😤 ❌

최고집은 생산부터 물류까지
 👍 [ ALL-IN-ONE ] 👍


1️⃣ 직접생산
 "
"신선마켓 위탁셀러","신선마켓 위탁셀러","SOLD_OUT","","high","90.0","2026-02-12T09:55:50","🟥 [전체품절] 0401 황토밭 알타리무
- 시즌 마감으로 현시부로 전체품절"
"전체품절","신선마켓 위탁셀러","SOLD_OUT","","high","90.0","2026-02-12T09:55:50","🟥 [전체품절] 0401 황토밭 알타리무
- 시즌 마감으로 현시부로 전체품절"
"과일 농수산 위탁판매전문 셀러:벤더사:협력사환영","과일 농수산 위탁판매전문 셀러:벤더사:협력사환영","NOTICE","","low","40.0","2026-02-12T09:55:26","🚨중요공지🚨
명절 전 발주 마감입니다."
"UNKNOWN","과일 농수산 위탁판매전문 셀러:벤더사:협력사환영","NOTICE","","low","40.0","2026-02-12T09:55:26","🚨중요공지🚨
명절 전 발주 마감입니다."
"과일판매 과일위탁 농산물 국산과일 수입과일  위탁문의","과일판매 과일위탁 농산물 국산과일 수입과일  위탁문의","NOTICE","","low","40.0","2026-02-12T09:55:19","🚨중요공지🚨
명절 전 발주 마감입니다."
"UNKNOWN","과일판매 과일위탁 농산물 국산과일 수입과일  위탁문의","NOTICE","","low","40.0","2026-02-12T09:55:19","🚨중요공지🚨
명절 전 발주 마감입니다."
"청도 미나리","최고집 경북농산물유통센터 : B2B : 초보셀러환영","NOTICE","","low","40.0","2026-02-12T09:46:52","📢'[청도 미나리]' 특가

ㄴ청도 미나리 ; 7,400원

✅원산지 : 청도
✅무료배송
✅삼겹살에 빠질 수 없는 미나리💓
✅NO 클레임! NO 지연!

👇실시간 반영 단가표👇
https://docs.google.c"
"과일 농수산 위탁판매전문 셀러:벤더사:협력사환영","과일 농수산 위탁판매전문 셀러:벤더사:협력사환영","SOLD_OUT","","high","90.0","2026-02-12T09:44:57","[0212 일일공지사항]
자세한 내용은 아래 링크를 참고하시고
판매에 어려움이 없도록 부탁드립니다.^^
.
🛑일시품절
✔️해풍맞고 자란 남해 노지 시금치 500g
※재오픈시 공지 드리겠습니다.


🔗 [일일 공지사항"
"0212 일일공지사항","과일 농수산 위탁판매전문 셀러:벤더사:협력사환영","SOLD_OUT","","high","90.0","2026-02-12T09:44:57","[0212 일일공지사항]
자세한 내용은 아래 링크를 참고하시고
판매에 어려움이 없도록 부탁드립니다.^^
.
🛑일시품절
✔️해풍맞고 자란 남해 노지 시금치 500g
※재오픈시 공지 드리겠습니다.


🔗 [일일 공지사항"
"과일판매 과일위탁 농산물 국산과일 수입과일  위탁문의","과일판매 과일위탁 농산물 국산과일 수입과일  위탁문의","SOLD_OUT","","high","90.0","2026-02-12T09:44:51","[0212 일일공지사항]
자세한 내용은 아래 링크를 참고하시고
판매에 어려움이 없도록 부탁드립니다.^^
.
🛑일시품절
✔️해풍맞고 자란 남해 노지 시금치 500g
※재오픈시 공지 드리겠습니다.


🔗 [일일 공지사항"
"0212 일일공지사항","과일판매 과일위탁 농산물 국산과일 수입과일  위탁문의","SOLD_OUT","","high","90.0","2026-02-12T09:44:51","[0212 일일공지사항]
자세한 내용은 아래 링크를 참고하시고
판매에 어려움이 없도록 부탁드립니다.^^
.
🛑일시품절
✔️해풍맞고 자란 남해 노지 시금치 500g
※재오픈시 공지 드리겠습니다.


🔗 [일일 공지사항"
"과일판매 과일위탁 농산물 국산과일 수입과일  위탁문의","과일판매 과일위탁 농산물 국산과일 수입과일  위탁문의","PRICE_DOWN","","medium","70.0","2026-02-12T09:44:04","❤️우측상단 > 삼단바 三 꾹❤️ 
커버보기 꾹 ❤️ 눌러주세요

💡공지사항 필독💡
➡️꼭 자세히 읽어주세요
자세한 안내사항 및 공급단가표
확인하실 수 있습니다 공지필독❗️

💡이 방은 공급방입니다💡
➡️홍보,광고글"
"UNKNOWN","과일판매 과일위탁 농산물 국산과일 수입과일  위탁문의","PRICE_DOWN","","medium","70.0","2026-02-12T09:44:04","❤️우측상단 > 삼단바 三 꾹❤️ 
커버보기 꾹 ❤️ 눌러주세요

💡공지사항 필독💡
➡️꼭 자세히 읽어주세요
자세한 안내사항 및 공급단가표
확인하실 수 있습니다 공지필독❗️

💡이 방은 공급방입니다💡
➡️홍보,광고글"
"신선마켓 위탁셀러","신선마켓 위탁셀러","SOLD_OUT","","high","90.0","2026-02-12T09:29:40","🟥 [전체품절] 0433 레드향 선물세트
- 물량 소진으로 현시부로 전체품절"
"전체품절","신선마켓 위탁셀러","SOLD_OUT","","high","90.0","2026-02-12T09:29:40","🟥 [전체품절] 0433 레드향 선물세트
- 물량 소진으로 현시부로 전체품절"
"과일 농수산 위탁판매전문 셀러:벤더사:협력사환영","과일 농수산 위탁판매전문 셀러:벤더사:협력사환영","PRICE_DOWN","","medium","70.0","2026-02-12T09:12:59","❤️우측상단 > 삼단바 三 꾹❤️ 
커버보기 꾹 ❤️ 눌러주세요

💡공지사항 필독💡
➡️꼭 자세히 읽어주세요
자세한 안내사항 및 공급단가표
확인하실 수 있습니다 공지필독❗️

💡이 방은 공급방입니다💡
➡️홍보,광고글"
"UNKNOWN","과일 농수산 위탁판매전문 셀러:벤더사:협력사환영","PRICE_DOWN","","medium","70.0","2026-02-12T09:12:59","❤️우측상단 > 삼단바 三 꾹❤️ 
커버보기 꾹 ❤️ 눌러주세요

💡공지사항 필독💡
➡️꼭 자세히 읽어주세요
자세한 안내사항 및 공급단가표
확인하실 수 있습니다 공지필독❗️

💡이 방은 공급방입니다💡
➡️홍보,광고글"
"최고집 경북농산물유통센터 : B2B : 초보셀러환영","최고집 경북농산물유통센터 : B2B : 초보셀러환영","NEW_ITEM","","low","45.0","2026-02-12T09:01:24","🎉 어드민 신규가입 해주신 대표님들 모두 승인 완료되었습니다 🎉"
"팡이그룹 과일위탁 농산물 셀러모집","팡이그룹 과일위탁 농산물 셀러모집","NOTICE","","low","40.0","2026-02-12T08:58:12","★명절 주문 공지드립니다★

오늘이 마지막 발주입니다,
참고 부탁드리겠습니다.

13일 접수 가능 품목은

카다이프
두바이 쫀득 쿠키 스모어
제주 월동무

위 상품 3개만 접수 가능합니다"
"쿠팡","팡이그룹 과일위탁 농산물 셀러모집","NOTICE","","low","40.0","2026-02-12T08:58:12","★명절 주문 공지드립니다★

오늘이 마지막 발주입니다,
참고 부탁드리겠습니다.

13일 접수 가능 품목은

카다이프
두바이 쫀득 쿠키 스모어
제주 월동무

위 상품 3개만 접수 가능합니다"
"과일 농수산 위탁판매전문 셀러:벤더사:협력사환영","과일 농수산 위탁판매전문 셀러:벤더사:협력사환영","PRICE_DOWN","","medium","70.0","2026-02-12T08:46:36","❤️우측상단 > 삼단바 三 꾹❤️ 
커버보기 꾹 ❤️ 눌러주세요

💡공지사항 필독💡
➡️꼭 자세히 읽어주세요
자세한 안내사항 및 공급단가표
확인하실 수 있습니다 공지필독❗️

💡이 방은 공급방입니다💡
➡️홍보,광고글"
"UNKNOWN","과일 농수산 위탁판매전문 셀러:벤더사:협력사환영","PRICE_DOWN","","medium","70.0","2026-02-12T08:46:36","❤️우측상단 > 삼단바 三 꾹❤️ 
커버보기 꾹 ❤️ 눌러주세요

💡공지사항 필독💡
➡️꼭 자세히 읽어주세요
자세한 안내사항 및 공급단가표
확인하실 수 있습니다 공지필독❗️

💡이 방은 공급방입니다💡
➡️홍보,광고글"
"📢 푸드대통령 📢 과일 위탁판매 농수산물 셀러모집","📢 푸드대통령 📢 과일 위탁판매 농수산물 셀러모집","NEW_ITEM","","low","45.0","2026-02-12T08:18:12","‼️공지사항&가이드 필독‼️

🎊신규입점 이벤트 진행 중🎊
누적 발주 수량 10개 달성 시
🎁배민기프티콘1만원권🎁 증정!!

👇입점신청/상담/문의 바로가기👇
https://link.inpock.co.kr/foodpr"
"UNKNOWN","📢 푸드대통령 📢 과일 위탁판매 농수산물 셀러모집","NOTICE","","low","40.0","2026-02-12T08:18:12","‼️공지사항&가이드 필독‼️

🎊신규입점 이벤트 진행 중🎊
누적 발주 수량 10개 달성 시
🎁배민기프티콘1만원권🎁 증정!!

👇입점신청/상담/문의 바로가기👇
https://link.inpock.co.kr/foodpr"
"팡이그룹 과일위탁 농산물 셀러모집","팡이그룹 과일위탁 농산물 셀러모집","NOTICE","","low","40.0","2026-02-12T08:09:50","★12,13일 발주 마감시간 안내★

오전 9시 발주 마감입니다,
이후 주문 건은 19일 접수됩니다."
"UNKNOWN","팡이그룹 과일위탁 농산물 셀러모집","NOTICE","","low","40.0","2026-02-12T08:09:50","★12,13일 발주 마감시간 안내★

오전 9시 발주 마감입니다,
이후 주문 건은 19일 접수됩니다."
"팡이그룹 과일위탁 농산물 셀러모집","팡이그룹 과일위탁 농산물 셀러모집","NOTICE","","low","40.0","2026-02-12T08:09:46","★주문 접수 불가 상품 안내★

11일 택배 마감 상품 주문 접수 시
취소 처리됩니다

어드민 사이트 공지사항
확인 부탁드리겠습니다"
"UNKNOWN","팡이그룹 과일위탁 농산물 셀러모집","NOTICE","","low","40.0","2026-02-12T08:09:46","★주문 접수 불가 상품 안내★

11일 택배 마감 상품 주문 접수 시
취소 처리됩니다

어드민 사이트 공지사항
확인 부탁드리겠습니다"
"과일 농수산 위탁판매전문 셀러:벤더사:협력사환영","과일 농수산 위탁판매전문 셀러:벤더사:협력사환영","NOTICE","","low","40.0","2026-02-12T08:01:57","👍 공지사항 필독
👍 위탁Q&A 필독
👍 CS규정 필독"
"UNKNOWN","과일 농수산 위탁판매전문 셀러:벤더사:협력사환영","NOTICE","","low","40.0","2026-02-12T08:01:57","👍 공지사항 필독
👍 위탁Q&A 필독
👍 CS규정 필독"
"과일 농수산 위탁판매전문 셀러:벤더사:협력사환영","과일 농수산 위탁판매전문 셀러:벤더사:협력사환영","NOTICE","","low","40.0","2026-02-12T07:57:27","[고객센터 안내]

발주,CS문의 및 처리등 기타문의는
노션 고객센터로 접수부탁드립니다 
문의 대응의 정확도와 처리 속도 향상을 위해 각 유형별로 전용 접수 페이지 고객센터로 접수해주시면 감사하겠습니다. 
문의내용은"
"고객센터 안내","과일 농수산 위탁판매전문 셀러:벤더사:협력사환영","NOTICE","","low","40.0","2026-02-12T07:57:27","[고객센터 안내]

발주,CS문의 및 처리등 기타문의는
노션 고객센터로 접수부탁드립니다 
문의 대응의 정확도와 처리 속도 향상을 위해 각 유형별로 전용 접수 페이지 고객센터로 접수해주시면 감사하겠습니다. 
문의내용은"
"과일 농수산 위탁판매전문 셀러:벤더사:협력사환영","과일 농수산 위탁판매전문 셀러:벤더사:협력사환영","NEW_ITEM","","low","45.0","2026-02-12T07:57:15","■위탁판매 약관동의 안내■

안녕하세요 산지이음입니다.
입점 신청 절차 변경으로 기존에 입점신청 하셨던 대표님들께서는 아래 링크로 재접수 해주시면 감사드리겠습니다. 

신규 입점신청 절차에는 이용약관이 포함되어 있어"
"UNKNOWN","과일 농수산 위탁판매전문 셀러:벤더사:협력사환영","NOTICE","","low","40.0","2026-02-12T07:57:15","■위탁판매 약관동의 안내■

안녕하세요 산지이음입니다.
입점 신청 절차 변경으로 기존에 입점신청 하셨던 대표님들께서는 아래 링크로 재접수 해주시면 감사드리겠습니다. 

신규 입점신청 절차에는 이용약관이 포함되어 있어"
"과일 농수산 위탁판매전문 셀러:벤더사:협력사환영","과일 농수산 위탁판매전문 셀러:벤더사:협력사환영","NOTICE","","low","40.0","2026-02-12T07:57:03","🛑중요공지🛑

[ 미출고건 확인 안내 ]

오후 6시 이후 어드민플러스에서 <배송준비중>으로 표시되는 주문은 미출고 건으로 확인부탁드립니다 

전달드려야 하는 업체가 많아 모든 건을 개별적으로 바로 안내드리기는 어려"
"미출고건 확인 안내","과일 농수산 위탁판매전문 셀러:벤더사:협력사환영","DELAY_NOTICE","","medium","75.0","2026-02-12T07:57:03","🛑중요공지🛑

[ 미출고건 확인 안내 ]

오후 6시 이후 어드민플러스에서 <배송준비중>으로 표시되는 주문은 미출고 건으로 확인부탁드립니다 

전달드려야 하는 업체가 많아 모든 건을 개별적으로 바로 안내드리기는 어려"
"과일 농수산 위탁판매전문 셀러:벤더사:협력사환영","과일 농수산 위탁판매전문 셀러:벤더사:협력사환영","PRICE_DOWN","","medium","70.0","2026-02-12T07:56:50","🛑중요공지🛑

주문서 작성시
배송메세지를 남기실 경우
배송메세지 앞에 ** 표시 
입력 부탁드립니다 

예시)
**분리배송
**CS 재출고
**분실 재출고

주문건 재확인을 위함이오니 
내용 꼭 확인하셔서 작성부탁드"
"UNKNOWN","과일 농수산 위탁판매전문 셀러:벤더사:협력사환영","PRICE_DOWN","","medium","70.0","2026-02-12T07:56:50","🛑중요공지🛑

주문서 작성시
배송메세지를 남기실 경우
배송메세지 앞에 ** 표시 
입력 부탁드립니다 

예시)
**분리배송
**CS 재출고
**분실 재출고

주문건 재확인을 위함이오니 
내용 꼭 확인하셔서 작성부탁드"
"과일 농수산 위탁판매전문 셀러:벤더사:협력사환영","과일 농수산 위탁판매전문 셀러:벤더사:협력사환영","PRICE_DOWN","","medium","70.0","2026-02-12T05:42:14","❤️우측상단 > 삼단바 三 꾹❤️ 
커버보기 꾹 ❤️ 눌러주세요

💡공지사항 필독💡
➡️꼭 자세히 읽어주세요
자세한 안내사항 및 공급단가표
확인하실 수 있습니다 공지필독❗️

💡이 방은 공급방입니다💡
➡️홍보,광고글"
"UNKNOWN","과일 농수산 위탁판매전문 셀러:벤더사:협력사환영","PRICE_DOWN","","medium","70.0","2026-02-12T05:42:14","❤️우측상단 > 삼단바 三 꾹❤️ 
커버보기 꾹 ❤️ 눌러주세요

💡공지사항 필독💡
➡️꼭 자세히 읽어주세요
자세한 안내사항 및 공급단가표
확인하실 수 있습니다 공지필독❗️

💡이 방은 공급방입니다💡
➡️홍보,광고글"
"과일 농수산 위탁판매전문 셀러:벤더사:협력사환영","과일 농수산 위탁판매전문 셀러:벤더사:협력사환영","PRICE_DOWN","","medium","70.0","2026-02-12T04:21:01","❤️우측상단 > 삼단바 三 꾹❤️ 
커버보기 꾹 ❤️ 눌러주세요

💡공지사항 필독💡
➡️꼭 자세히 읽어주세요
자세한 안내사항 및 공급단가표
확인하실 수 있습니다 공지필독❗️

💡이 방은 공급방입니다💡
➡️홍보,광고글"
"UNKNOWN","과일 농수산 위탁판매전문 셀러:벤더사:협력사환영","PRICE_DOWN","","medium","70.0","2026-02-12T04:21:01","❤️우측상단 > 삼단바 三 꾹❤️ 
커버보기 꾹 ❤️ 눌러주세요

💡공지사항 필독💡
➡️꼭 자세히 읽어주세요
자세한 안내사항 및 공급단가표
확인하실 수 있습니다 공지필독❗️

💡이 방은 공급방입니다💡
➡️홍보,광고글"
"📢 푸드대통령 📢 과일 위탁판매 농수산물 셀러모집","📢 푸드대통령 📢 과일 위탁판매 농수산물 셀러모집","NEW_ITEM","","low","45.0","2026-02-12T02:40:02","‼️공지사항&가이드 필독‼️

🎊신규입점 이벤트 진행 중🎊
누적 발주 수량 10개 달성 시
🎁배민기프티콘1만원권🎁 증정!!

👇입점신청/상담/문의 바로가기👇
https://link.inpock.co.kr/foodpr"
"UNKNOWN","📢 푸드대통령 📢 과일 위탁판매 농수산물 셀러모집","NOTICE","","low","40.0","2026-02-12T02:40:02","‼️공지사항&가이드 필독‼️

🎊신규입점 이벤트 진행 중🎊
누적 발주 수량 10개 달성 시
🎁배민기프티콘1만원권🎁 증정!!

👇입점신청/상담/문의 바로가기👇
https://link.inpock.co.kr/foodpr"
"📢 푸드대통령 📢 과일 위탁판매 농수산물 셀러모집","📢 푸드대통령 📢 과일 위탁판매 농수산물 셀러모집","NEW_ITEM","","low","45.0","2026-02-12T02:17:14","‼️공지사항&가이드 필독‼️

🎊신규입점 이벤트 진행 중🎊
누적 발주 수량 10개 달성 시
🎁배민기프티콘1만원권🎁 증정!!

👇입점신청/상담/문의 바로가기👇
https://link.inpock.co.kr/foodpr"
"UNKNOWN","📢 푸드대통령 📢 과일 위탁판매 농수산물 셀러모집","NOTICE","","low","40.0","2026-02-12T02:17:14","‼️공지사항&가이드 필독‼️

🎊신규입점 이벤트 진행 중🎊
누적 발주 수량 10개 달성 시
🎁배민기프티콘1만원권🎁 증정!!

👇입점신청/상담/문의 바로가기👇
https://link.inpock.co.kr/foodpr"
"과일 농수산 위탁판매전문 셀러:벤더사:협력사환영","과일 농수산 위탁판매전문 셀러:벤더사:협력사환영","PRICE_DOWN","","medium","70.0","2026-02-12T01:58:18","❤️우측상단 > 삼단바 三 꾹❤️ 
커버보기 꾹 ❤️ 눌러주세요

💡공지사항 필독💡
➡️꼭 자세히 읽어주세요
자세한 안내사항 및 공급단가표
확인하실 수 있습니다 공지필독❗️

💡이 방은 공급방입니다💡
➡️홍보,광고글"
"UNKNOWN","과일 농수산 위탁판매전문 셀러:벤더사:협력사환영","PRICE_DOWN","","medium","70.0","2026-02-12T01:58:18","❤️우측상단 > 삼단바 三 꾹❤️ 
커버보기 꾹 ❤️ 눌러주세요

💡공지사항 필독💡
➡️꼭 자세히 읽어주세요
자세한 안내사항 및 공급단가표
확인하실 수 있습니다 공지필독❗️

💡이 방은 공급방입니다💡
➡️홍보,광고글"
"신선마켓 위탁셀러","신선마켓 위탁셀러","NOTICE","","low","40.0","2026-02-12T01:33:00","[하트 ❤️ 한번씩 부탁드립니다~ 😊]

전체공개용 공급가표
https://docs.google.com/spreadsheets/d/1MlASbp0pmevURtHOe-j_LQpIdJuWLKQZfCoHtUOIvQE/ed"
"하트 ❤️ 한번씩 부탁드립니다~ 😊","신선마켓 위탁셀러","NOTICE","","low","40.0","2026-02-12T01:33:00","[하트 ❤️ 한번씩 부탁드립니다~ 😊]

전체공개용 공급가표
https://docs.google.com/spreadsheets/d/1MlASbp0pmevURtHOe-j_LQpIdJuWLKQZfCoHtUOIvQE/ed"
"과일 농수산 위탁판매전문 셀러:벤더사:협력사환영","과일 농수산 위탁판매전문 셀러:벤더사:협력사환영","PRICE_DOWN","","medium","70.0","2026-02-12T01:26:36","❤️우측상단 > 삼단바 三 꾹❤️ 
커버보기 꾹 ❤️ 눌러주세요

💡공지사항 필독💡
➡️꼭 자세히 읽어주세요
자세한 안내사항 및 공급단가표
확인하실 수 있습니다 공지필독❗️

💡이 방은 공급방입니다💡
➡️홍보,광고글"
"UNKNOWN","과일 농수산 위탁판매전문 셀러:벤더사:협력사환영","PRICE_DOWN","","medium","70.0","2026-02-12T01:26:36","❤️우측상단 > 삼단바 三 꾹❤️ 
커버보기 꾹 ❤️ 눌러주세요

💡공지사항 필독💡
➡️꼭 자세히 읽어주세요
자세한 안내사항 및 공급단가표
확인하실 수 있습니다 공지필독❗️

💡이 방은 공급방입니다💡
➡️홍보,광고글"
"신선마켓 위탁셀러","신선마켓 위탁셀러","NOTICE","","low","40.0","2026-02-12T01:22:49","[하트 ❤️ 한번씩 부탁드립니다~ 😊]

전체공개용 공급가표
https://docs.google.com/spreadsheets/d/1MlASbp0pmevURtHOe-j_LQpIdJuWLKQZfCoHtUOIvQE/ed"
"하트 ❤️ 한번씩 부탁드립니다~ 😊","신선마켓 위탁셀러","NOTICE","","low","40.0","2026-02-12T01:22:49","[하트 ❤️ 한번씩 부탁드립니다~ 😊]

전체공개용 공급가표
https://docs.google.com/spreadsheets/d/1MlASbp0pmevURtHOe-j_LQpIdJuWLKQZfCoHtUOIvQE/ed"
"과일판매 과일위탁 농산물 국산과일 수입과일  위탁문의","과일판매 과일위탁 농산물 국산과일 수입과일  위탁문의","PRICE_DOWN","","medium","70.0","2026-02-12T01:20:07","❤️우측상단 > 삼단바 三 꾹❤️ 
커버보기 꾹 ❤️ 눌러주세요

💡공지사항 필독💡
➡️꼭 자세히 읽어주세요
자세한 안내사항 및 공급단가표
확인하실 수 있습니다 공지필독❗️

💡이 방은 공급방입니다💡
➡️홍보,광고글"
"UNKNOWN","과일판매 과일위탁 농산물 국산과일 수입과일  위탁문의","PRICE_DOWN","","medium","70.0","2026-02-12T01:20:07","❤️우측상단 > 삼단바 三 꾹❤️ 
커버보기 꾹 ❤️ 눌러주세요

💡공지사항 필독💡
➡️꼭 자세히 읽어주세요
자세한 안내사항 및 공급단가표
확인하실 수 있습니다 공지필독❗️

💡이 방은 공급방입니다💡
➡️홍보,광고글"
"과일 농수산 위탁판매전문 셀러:벤더사:협력사환영","과일 농수산 위탁판매전문 셀러:벤더사:협력사환영","PRICE_DOWN","","medium","70.0","2026-02-12T01:01:41","❤️우측상단 > 삼단바 三 꾹❤️ 
커버보기 꾹 ❤️ 눌러주세요

💡공지사항 필독💡
➡️꼭 자세히 읽어주세요
자세한 안내사항 및 공급단가표
확인하실 수 있습니다 공지필독❗️

💡이 방은 공급방입니다💡
➡️홍보,광고글"
"UNKNOWN","과일 농수산 위탁판매전문 셀러:벤더사:협력사환영","PRICE_DOWN","","medium","70.0","2026-02-12T01:01:41","❤️우측상단 > 삼단바 三 꾹❤️ 
커버보기 꾹 ❤️ 눌러주세요

💡공지사항 필독💡
➡️꼭 자세히 읽어주세요
자세한 안내사항 및 공급단가표
확인하실 수 있습니다 공지필독❗️

💡이 방은 공급방입니다💡
➡️홍보,광고글"
"과일 농수산 위탁판매전문 셀러:벤더사:협력사환영","과일 농수산 위탁판매전문 셀러:벤더사:협력사환영","PRICE_DOWN","","medium","70.0","2026-02-12T00:28:57","❤️우측상단 > 삼단바 三 꾹❤️ 
커버보기 꾹 ❤️ 눌러주세요

💡공지사항 필독💡
➡️꼭 자세히 읽어주세요
자세한 안내사항 및 공급단가표
확인하실 수 있습니다 공지필독❗️

💡이 방은 공급방입니다💡
➡️홍보,광고글"
"UNKNOWN","과일 농수산 위탁판매전문 셀러:벤더사:협력사환영","PRICE_DOWN","","medium","70.0","2026-02-12T00:28:57","❤️우측상단 > 삼단바 三 꾹❤️ 
커버보기 꾹 ❤️ 눌러주세요

💡공지사항 필독💡
➡️꼭 자세히 읽어주세요
자세한 안내사항 및 공급단가표
확인하실 수 있습니다 공지필독❗️

💡이 방은 공급방입니다💡
➡️홍보,광고글"
"📢 푸드대통령 📢 과일 위탁판매 농수산물 셀러모집","📢 푸드대통령 📢 과일 위탁판매 농수산물 셀러모집","NEW_ITEM","","low","45.0","2026-02-12T00:24:34","‼️공지사항&가이드 필독‼️

🎊신규입점 이벤트 진행 중🎊
누적 발주 수량 10개 달성 시
🎁배민기프티콘1만원권🎁 증정!!

👇입점신청/상담/문의 바로가기👇
https://link.inpock.co.kr/foodpr"
"UNKNOWN","📢 푸드대통령 📢 과일 위탁판매 농수산물 셀러모집","NOTICE","","low","40.0","2026-02-12T00:24:34","‼️공지사항&가이드 필독‼️

🎊신규입점 이벤트 진행 중🎊
누적 발주 수량 10개 달성 시
🎁배민기프티콘1만원권🎁 증정!!

👇입점신청/상담/문의 바로가기👇
https://link.inpock.co.kr/foodpr"
"2026-02-12T00:08:52","bench_room_6","PRICE_DOWN","","medium","70.0","2026-02-12T00:08:52","[2026-02-12T00:08:52] 농산물 특가 1138원"
"2026-02-12T00:08:52","bench_room_6","PRICE_DOWN","","medium","70.0","2026-02-12T00:08:52","[2026-02-12T00:08:52] 농산물 특가 7887원"
"2026-02-12T00:08:52","bench_room_6","PRICE_DOWN","","medium","70.0","2026-02-12T00:08:52","[2026-02-12T00:08:52] 농산물 특가 1587원"
"2026-02-12T00:08:52","bench_room_6","PRICE_DOWN","","medium","70.0","2026-02-12T00:08:52","[2026-02-12T00:08:52] 농산물 특가 1403원"
"2026-02-12T00:08:52","bench_room_6","PRICE_DOWN","","medium","70.0","2026-02-12T00:08:52","[2026-02-12T00:08:52] 농산물 특가 3485원"
"2026-02-12T00:08:52","bench_room_6","PRICE_DOWN","","medium","70.0","2026-02-12T00:08:52","[2026-02-12T00:08:52] 농산물 특가 3019원"
"2026-02-12T00:08:52","bench_room_6","PRICE_DOWN","","medium","70.0","2026-02-12T00:08:52","[2026-02-12T00:08:52] 농산물 특가 7223원"
"2026-02-12T00:08:52","bench_room_6","PRICE_DOWN","","medium","70.0","2026-02-12T00:08:52","[2026-02-12T00:08:52] 농산물 특가 6578원"
"2026-02-12T00:08:52","bench_room_6","PRICE_DOWN","","medium","70.0","2026-02-12T00:08:52","[2026-02-12T00:08:52] 농산물 특가 9593원"
"2026-02-12T00:08:52","bench_room_6","PRICE_DOWN","","medium","70.0","2026-02-12T00:08:52","[2026-02-12T00:08:52] 농산물 특가 1772원"
"2026-02-12T00:08:52","bench_room_6","PRICE_DOWN","","medium","70.0","2026-02-12T00:08:52","[2026-02-12T00:08:52] 농산물 특가 3394원"
"2026-02-12T00:08:52","bench_room_6","PRICE_DOWN","","medium","70.0","2026-02-12T00:08:52","[2026-02-12T00:08:52] 농산물 특가 8964원"
"2026-02-12T00:08:52","bench_room_6","PRICE_DOWN","","medium","70.0","2026-02-12T00:08:52","[2026-02-12T00:08:52] 농산물 특가 6993원"
"2026-02-12T00:08:52","bench_room_6","PRICE_DOWN","","medium","70.0","2026-02-12T00:08:52","[2026-02-12T00:08:52] 농산물 특가 2224원"
"2026-02-12T00:08:52","bench_room_6","PRICE_DOWN","","medium","70.0","2026-02-12T00:08:52","[2026-02-12T00:08:52] 농산물 특가 5799원"
"2026-02-12T00:08:52","bench_room_0","PRICE_DOWN","","medium","70.0","2026-02-12T00:08:52","[2026-02-12T00:08:52] 농산물 특가 6179원"
"2026-02-12T00:08:52","bench_room_0","PRICE_DOWN","","medium","70.0","2026-02-12T00:08:52","[2026-02-12T00:08:52] 농산물 특가 3274원"
"2026-02-12T00:08:52","bench_room_0","PRICE_DOWN","","medium","70.0","2026-02-12T00:08:52","[2026-02-12T00:08:52] 농산물 특가 1467원"
"2026-02-12T00:08:52","bench_room_0","PRICE_DOWN","","medium","70.0","2026-02-12T00:08:52","[2026-02-12T00:08:52] 농산물 특가 5366원"
"2026-02-12T00:08:52","bench_room_0","PRICE_DOWN","","medium","70.0","2026-02-12T00:08:52","[2026-02-12T00:08:52] 농산물 특가 1887원"
"2026-02-12T00:08:52","bench_room_0","PRICE_DOWN","","medium","70.0","2026-02-12T00:08:52","[2026-02-12T00:08:52] 농산물 특가 9768원"
"2026-02-12T00:08:52","bench_room_0","PRICE_DOWN","","medium","70.0","2026-02-12T00:08:52","[2026-02-12T00:08:52] 농산물 특가 4028원"
"2026-02-12T00:08:52","bench_room_0","PRICE_DOWN","","medium","70.0","2026-02-12T00:08:52","[2026-02-12T00:08:52] 농산물 특가 2691원"
"2026-02-12T00:08:52","bench_room_0","PRICE_DOWN","","medium","70.0","2026-02-12T00:08:52","[2026-02-12T00:08:52] 농산물 특가 8872원"
"2026-02-12T00:08:52","bench_room_0","PRICE_DOWN","","medium","70.0","2026-02-12T00:08:52","[2026-02-12T00:08:52] 농산물 특가 6919원"
"2026-02-12T00:08:52","bench_room_0","PRICE_DOWN","","medium","70.0","2026-02-12T00:08:52","[2026-02-12T00:08:52] 농산물 특가 7468원"
"2026-02-12T00:08:52","bench_room_0","PRICE_DOWN","","medium","70.0","2026-02-12T00:08:52","[2026-02-12T00:08:52] 농산물 특가 9742원"
"2026-02-12T00:08:52","bench_room_0","PRICE_DOWN","","medium","70.0","2026-02-12T00:08:52","[2026-02-12T00:08:52] 농산물 특가 9074원"
"2026-02-12T00:08:52","bench_room_0","PRICE_DOWN","","medium","70.0","2026-02-12T00:08:52","[2026-02-12T00:08:52] 농산물 특가 6520원"
"2026-02-12T00:08:52","bench_room_5","PRICE_DOWN","","medium","70.0","2026-02-12T00:08:52","[2026-02-12T00:08:52] 농산물 특가 3433원"
"2026-02-12T00:08:52","bench_room_5","PRICE_DOWN","","medium","70.0","2026-02-12T00:08:52","[2026-02-12T00:08:52] 농산물 특가 7839원"
"2026-02-12T00:08:52","bench_room_5","PRICE_DOWN","","medium","70.0","2026-02-12T00:08:52","[2026-02-12T00:08:52] 농산물 특가 7120원"
"2026-02-12T00:08:52","bench_room_2","PRICE_DOWN","","medium","70.0","2026-02-12T00:08:52","[2026-02-12T00:08:52] 농산물 특가 4506원"
"2026-02-12T00:08:52","bench_room_2","PRICE_DOWN","","medium","70.0","2026-02-12T00:08:52","[2026-02-12T00:08:52] 농산물 특가 3809원"
"2026-02-12T00:08:52","bench_room_5","PRICE_DOWN","","medium","70.0","2026-02-12T00:08:52","[2026-02-12T00:08:52] 농산물 특가 7348원"
"2026-02-12T00:08:52","bench_room_5","PRICE_DOWN","","medium","70.0","2026-02-12T00:08:52","[2026-02-12T00:08:52] 농산물 특가 7469원"
"2026-02-12T00:08:52","bench_room_5","PRICE_DOWN","","medium","70.0","2026-02-12T00:08:52","[2026-02-12T00:08:52] 농산물 특가 5137원"
"2026-02-12T00:08:52","bench_room_5","PRICE_DOWN","","medium","70.0","2026-02-12T00:08:52","[2026-02-12T00:08:52] 농산물 특가 5977원"
"2026-02-12T00:08:52","bench_room_5","PRICE_DOWN","","medium","70.0","2026-02-12T00:08:52","[2026-02-12T00:08:52] 농산물 특가 8708원"
"2026-02-12T00:08:52","bench_room_2","PRICE_DOWN","","medium","70.0","2026-02-12T00:08:52","[2026-02-12T00:08:52] 농산물 특가 4019원"
"2026-02-12T00:08:52","bench_room_2","PRICE_DOWN","","medium","70.0","2026-02-12T00:08:52","[2026-02-12T00:08:52] 농산물 특가 1211원"
"2026-02-12T00:08:52","bench_room_5","PRICE_DOWN","","medium","70.0","2026-02-12T00:08:52","[2026-02-12T00:08:52] 농산물 특가 9571원"
"2026-02-12T00:08:52","bench_room_2","PRICE_DOWN","","medium","70.0","2026-02-12T00:08:52","[2026-02-12T00:08:52] 농산물 특가 5354원"
"2026-02-12T00:08:52","bench_room_2","PRICE_DOWN","","medium","70.0","2026-02-12T00:08:52","[2026-02-12T00:08:52] 농산물 특가 8472원"
"2026-02-12T00:08:52","bench_room_5","PRICE_DOWN","","medium","70.0","2026-02-12T00:08:52","[2026-02-12T00:08:52] 농산물 특가 7880원"
"2026-02-12T00:08:52","bench_room_5","PRICE_DOWN","","medium","70.0","2026-02-12T00:08:52","[2026-02-12T00:08:52] 농산물 특가 3721원"
"2026-02-12T00:08:52","bench_room_2","PRICE_DOWN","","medium","70.0","2026-02-12T00:08:52","[2026-02-12T00:08:52] 농산물 특가 5965원"
"2026-02-12T00:08:52","bench_room_2","PRICE_DOWN","","medium","70.0","2026-02-12T00:08:52","[2026-02-12T00:08:52] 농산물 특가 5208원"
"2026-02-12T00:08:52","bench_room_5","PRICE_DOWN","","medium","70.0","2026-02-12T00:08:52","[2026-02-12T00:08:52] 농산물 특가 1843원"
"2026-02-12T00:08:52","bench_room_5","PRICE_DOWN","","medium","70.0","2026-02-12T00:08:52","[2026-02-12T00:08:52] 농산물 특가 7675원"
"2026-02-12T00:08:52","bench_room_5","PRICE_DOWN","","medium","70.0","2026-02-12T00:08:52","[2026-02-12T00:08:52] 농산물 특가 1007원"
"2026-02-12T00:08:52","bench_room_5","PRICE_DOWN","","medium","70.0","2026-02-12T00:08:52","[2026-02-12T00:08:52] 농산물 특가 9005원"
"2026-02-12T00:08:52","bench_room_2","PRICE_DOWN","","medium","70.0","2026-02-12T00:08:52","[2026-02-12T00:08:52] 농산물 특가 8286원"
"2026-02-12T00:08:52","bench_room_2","PRICE_DOWN","","medium","70.0","2026-02-12T00:08:52","[2026-02-12T00:08:52] 농산물 특가 9444원"
"2026-02-12T00:08:52","bench_room_2","PRICE_DOWN","","medium","70.0","2026-02-12T00:08:52","[2026-02-12T00:08:52] 농산물 특가 4290원"
"2026-02-12T00:08:52","bench_room_4","PRICE_DOWN","","medium","70.0","2026-02-12T00:08:52","[2026-02-12T00:08:52] 농산물 특가 5601원"
"2026-02-12T00:08:52","bench_room_4","PRICE_DOWN","","medium","70.0","2026-02-12T00:08:52","[2026-02-12T00:08:52] 농산물 특가 4494원"
"2026-02-12T00:08:52","bench_room_2","PRICE_DOWN","","medium","70.0","2026-02-12T00:08:52","[2026-02-12T00:08:52] 농산물 특가 6651원"
"2026-02-12T00:08:52","bench_room_2","PRICE_DOWN","","medium","70.0","2026-02-12T00:08:52","[2026-02-12T00:08:52] 농산물 특가 4886원"
"2026-02-12T00:08:52","bench_room_4","PRICE_DOWN","","medium","70.0","2026-02-12T00:08:52","[2026-02-12T00:08:52] 농산물 특가 9998원"
"2026-02-12T00:08:52","bench_room_4","PRICE_DOWN","","medium","70.0","2026-02-12T00:08:52","[2026-02-12T00:08:52] 농산물 특가 5277원"
"2026-02-12T00:08:52","bench_room_2","PRICE_DOWN","","medium","70.0","2026-02-12T00:08:52","[2026-02-12T00:08:52] 농산물 특가 5002원"
"2026-02-12T00:08:52","bench_room_2","PRICE_DOWN","","medium","70.0","2026-02-12T00:08:52","[2026-02-12T00:08:52] 농산물 특가 6818원"
"2026-02-12T00:08:52","bench_room_4","PRICE_DOWN","","medium","70.0","2026-02-12T00:08:52","[2026-02-12T00:08:52] 농산물 특가 3442원"
"2026-02-12T00:08:52","bench_room_4","PRICE_DOWN","","medium","70.0","2026-02-12T00:08:52","[2026-02-12T00:08:52] 농산물 특가 9969원"
"2026-02-12T00:08:52","bench_room_4","PRICE_DOWN","","medium","70.0","2026-02-12T00:08:52","[2026-02-12T00:08:52] 농산물 특가 8042원"
"2026-02-12T00:08:52","bench_room_4","PRICE_DOWN","","medium","70.0","2026-02-12T00:08:52","[2026-02-12T00:08:52] 농산물 특가 3003원"
"2026-02-12T00:08:52","bench_room_4","PRICE_DOWN","","medium","70.0","2026-02-12T00:08:52","[2026-02-12T00:08:52] 농산물 특가 3691원"
"2026-02-12T00:08:52","bench_room_4","PRICE_DOWN","","medium","70.0","2026-02-12T00:08:52","[2026-02-12T00:08:52] 농산물 특가 1052원"
"2026-02-12T00:08:52","bench_room_1","PRICE_DOWN","","medium","70.0","2026-02-12T00:08:52","[2026-02-12T00:08:52] 농산물 특가 9927원"
"2026-02-12T00:08:52","bench_room_3","PRICE_DOWN","","medium","70.0","2026-02-12T00:08:52","[2026-02-12T00:08:52] 농산물 특가 7203원"
"2026-02-12T00:08:52","bench_room_3","PRICE_DOWN","","medium","70.0","2026-02-12T00:08:52","[2026-02-12T00:08:52] 농산물 특가 9253원"
"2026-02-12T00:08:52","bench_room_1","PRICE_DOWN","","medium","70.0","2026-02-12T00:08:52","[2026-02-12T00:08:52] 농산물 특가 2862원"
"2026-02-12T00:08:52","bench_room_7","PRICE_DOWN","","medium","70.0","2026-02-12T00:08:52","[2026-02-12T00:08:52] 농산물 특가 2028원"
"2026-02-12T00:08:52","bench_room_7","PRICE_DOWN","","medium","70.0","2026-02-12T00:08:52","[2026-02-12T00:08:52] 농산물 특가 3272원"
"2026-02-12T00:08:52","bench_room_3","PRICE_DOWN","","medium","70.0","2026-02-12T00:08:52","[2026-02-12T00:08:52] 농산물 특가 1373원"
"2026-02-12T00:08:52","bench_room_1","PRICE_DOWN","","medium","70.0","2026-02-12T00:08:52","[2026-02-12T00:08:52] 농산물 특가 8670원"
"2026-02-12T00:08:52","bench_room_7","PRICE_DOWN","","medium","70.0","2026-02-12T00:08:52","[2026-02-12T00:08:52] 농산물 특가 3082원"
"2026-02-12T00:08:52","bench_room_3","PRICE_DOWN","","medium","70.0","2026-02-12T00:08:52","[2026-02-12T00:08:52] 농산물 특가 2228원"
"2026-02-12T00:08:52","bench_room_1","PRICE_DOWN","","medium","70.0","2026-02-12T00:08:52","[2026-02-12T00:08:52] 농산물 특가 5802원"
"2026-02-12T00:08:52","bench_room_7","PRICE_DOWN","","medium","70.0","2026-02-12T00:08:52","[2026-02-12T00:08:52] 농산물 특가 6811원"
"2026-02-12T00:08:52","bench_room_3","PRICE_DOWN","","medium","70.0","2026-02-12T00:08:52","[2026-02-12T00:08:52] 농산물 특가 4026원"
"2026-02-12T00:08:52","bench_room_3","PRICE_DOWN","","medium","70.0","2026-02-12T00:08:52","[2026-02-12T00:08:52] 농산물 특가 1344원"
"2026-02-12T00:08:52","bench_room_7","PRICE_DOWN","","medium","70.0","2026-02-12T00:08:52","[2026-02-12T00:08:52] 농산물 특가 5452원"
"2026-02-12T00:08:52","bench_room_1","PRICE_DOWN","","medium","70.0","2026-02-12T00:08:52","[2026-02-12T00:08:52] 농산물 특가 8986원"
"2026-02-12T00:08:52","bench_room_3","PRICE_DOWN","","medium","70.0","2026-02-12T00:08:52","[2026-02-12T00:08:52] 농산물 특가 2806원"
"2026-02-12T00:08:52","bench_room_7","PRICE_DOWN","","medium","70.0","2026-02-12T00:08:52","[2026-02-12T00:08:52] 농산물 특가 6224원"
"2026-02-12T00:08:52","bench_room_4","PRICE_DOWN","","medium","70.0","2026-02-12T00:08:52","[2026-02-12T00:08:52] 농산물 특가 7098원"
"2026-02-12T00:08:52","bench_room_3","PRICE_DOWN","","medium","70.0","2026-02-12T00:08:52","[2026-02-12T00:08:52] 농산물 특가 2706원"
"2026-02-12T00:08:52","bench_room_7","PRICE_DOWN","","medium","70.0","2026-02-12T00:08:52","[2026-02-12T00:08:52] 농산물 특가 7721원"
"2026-02-12T00:08:52","bench_room_1","PRICE_DOWN","","medium","70.0","2026-02-12T00:08:52","[2026-02-12T00:08:52] 농산물 특가 6695원"
"2026-02-12T00:08:52","bench_room_4","PRICE_DOWN","","medium","70.0","2026-02-12T00:08:52","[2026-02-12T00:08:52] 농산물 특가 8431원"
"2026-02-12T00:08:52","bench_room_4","PRICE_DOWN","","medium","70.0","2026-02-12T00:08:52","[2026-02-12T00:08:52] 농산물 특가 6540원"
"2026-02-12T00:08:52","bench_room_3","PRICE_DOWN","","medium","70.0","2026-02-12T00:08:52","[2026-02-12T00:08:52] 농산물 특가 6073원"
"2026-02-12T00:08:52","bench_room_3","PRICE_DOWN","","medium","70.0","2026-02-12T00:08:52","[2026-02-12T00:08:52] 농산물 특가 4679원"
"2026-02-12T00:08:52","bench_room_4","PRICE_DOWN","","medium","70.0","2026-02-12T00:08:52","[2026-02-12T00:08:52] 농산물 특가 9129원"
"2026-02-12T00:08:52","bench_room_4","PRICE_DOWN","","medium","70.0","2026-02-12T00:08:52","[2026-02-12T00:08:52] 농산물 특가 8784원"
"2026-02-12T00:08:52","bench_room_7","PRICE_DOWN","","medium","70.0","2026-02-12T00:08:52","[2026-02-12T00:08:52] 농산물 특가 7313원"
"2026-02-12T00:08:52","bench_room_3","PRICE_DOWN","","medium","70.0","2026-02-12T00:08:52","[2026-02-12T00:08:52] 농산물 특가 7989원"
"2026-02-12T00:08:52","bench_room_3","PRICE_DOWN","","medium","70.0","2026-02-12T00:08:52","[2026-02-12T00:08:52] 농산물 특가 4174원"
"2026-02-12T00:08:52","bench_room_1","PRICE_DOWN","","medium","70.0","2026-02-12T00:08:52","[2026-02-12T00:08:52] 농산물 특가 6597원"
"2026-02-12T00:08:52","bench_room_7","PRICE_DOWN","","medium","70.0","2026-02-12T00:08:52","[2026-02-12T00:08:52] 농산물 특가 1183원"
"2026-02-12T00:08:52","bench_room_3","PRICE_DOWN","","medium","70.0","2026-02-12T00:08:52","[2026-02-12T00:08:52] 농산물 특가 5985원"
"2026-02-12T00:08:52","bench_room_1","PRICE_DOWN","","medium","70.0","2026-02-12T00:08:52","[2026-02-12T00:08:52] 농산물 특가 5625원"
"2026-02-12T00:08:52","bench_room_7","PRICE_DOWN","","medium","70.0","2026-02-12T00:08:52","[2026-02-12T00:08:52] 농산물 특가 9939원"
"2026-02-12T00:08:52","bench_room_7","PRICE_DOWN","","medium","70.0","2026-02-12T00:08:52","[2026-02-12T00:08:52] 농산물 특가 5622원"
"2026-02-12T00:08:52","bench_room_1","PRICE_DOWN","","medium","70.0","2026-02-12T00:08:52","[2026-02-12T00:08:52] 농산물 특가 6702원"
"2026-02-12T00:08:52","bench_room_1","PRICE_DOWN","","medium","70.0","2026-02-12T00:08:52","[2026-02-12T00:08:52] 농산물 특가 7515원"
"2026-02-12T00:08:52","bench_room_7","PRICE_DOWN","","medium","70.0","2026-02-12T00:08:52","[2026-02-12T00:08:52] 농산물 특가 2628원"
"2026-02-12T00:08:52","bench_room_3","PRICE_DOWN","","medium","70.0","2026-02-12T00:08:52","[2026-02-12T00:08:52] 농산물 특가 1087원"
"2026-02-12T00:08:52","bench_room_3","PRICE_DOWN","","medium","70.0","2026-02-12T00:08:52","[2026-02-12T00:08:52] 농산물 특가 5273원"
"2026-02-12T00:08:52","bench_room_7","PRICE_DOWN","","medium","70.0","2026-02-12T00:08:52","[2026-02-12T00:08:52] 농산물 특가 1935원"
"2026-02-12T00:08:52","bench_room_1","PRICE_DOWN","","medium","70.0","2026-02-12T00:08:52","[2026-02-12T00:08:52] 농산물 특가 4311원"
"2026-02-12T00:08:52","bench_room_1","PRICE_DOWN","","medium","70.0","2026-02-12T00:08:52","[2026-02-12T00:08:52] 농산물 특가 9399원"
"2026-02-12T00:08:52","bench_room_7","PRICE_DOWN","","medium","70.0","2026-02-12T00:08:52","[2026-02-12T00:08:52] 농산물 특가 1277원"
"2026-02-12T00:08:52","bench_room_7","PRICE_DOWN","","medium","70.0","2026-02-12T00:08:52","[2026-02-12T00:08:52] 농산물 특가 5012원"
"2026-02-12T00:08:52","bench_room_1","PRICE_DOWN","","medium","70.0","2026-02-12T00:08:52","[2026-02-12T00:08:52] 농산물 특가 5637원"
"2026-02-12T00:08:52","bench_room_1","PRICE_DOWN","","medium","70.0","2026-02-12T00:08:52","[2026-02-12T00:08:52] 농산물 특가 6221원"
"2026-02-12T00:08:52","bench_room_1","PRICE_DOWN","","medium","70.0","2026-02-12T00:08:52","[2026-02-12T00:08:52] 농산물 특가 3542원"
"2026-02-12T00:08:52","bench_room_0","PRICE_DOWN","","medium","70.0","2026-02-12T00:08:52","[2026-02-12T00:08:52] 농산물 특가 2018원"
"2026-02-12T00:08:46","bench_room_4","PRICE_DOWN","","medium","70.0","2026-02-12T00:08:46","[2026-02-12T00:08:46] 농산물 특가 2416원"
"2026-02-12T00:08:46","bench_room_5","PRICE_DOWN","","medium","70.0","2026-02-12T00:08:46","[2026-02-12T00:08:46] 농산물 특가 3449원"
"2026-02-12T00:08:46","bench_room_3","PRICE_DOWN","","medium","70.0","2026-02-12T00:08:46","[2026-02-12T00:08:46] 농산물 특가 3921원"
"2026-02-12T00:08:46","bench_room_2","PRICE_DOWN","","medium","70.0","2026-02-12T00:08:46","[2026-02-12T00:08:46] 농산물 특가 1587원"
"2026-02-12T00:08:46","bench_room_6","PRICE_DOWN","","medium","70.0","2026-02-12T00:08:46","[2026-02-12T00:08:46] 농산물 특가 2997원"
"2026-02-12T00:08:46","bench_room_7","PRICE_DOWN","","medium","70.0","2026-02-12T00:08:46","[2026-02-12T00:08:46] 농산물 특가 8480원"
"2026-02-12T00:08:45","bench_room_0","PRICE_DOWN","","medium","70.0","2026-02-12T00:08:45","[2026-02-12T00:08:45] 농산물 특가 8612원"
"2026-02-12T00:08:45","bench_room_1","PRICE_DOWN","","medium","70.0","2026-02-12T00:08:45","[2026-02-12T00:08:45] 농산물 특가 5361원"
"2026-02-12T00:08:45","bench_room_4","PRICE_DOWN","","medium","70.0","2026-02-12T00:08:45","[2026-02-12T00:08:45] 농산물 특가 9422원"
"2026-02-12T00:08:45","bench_room_5","PRICE_DOWN","","medium","70.0","2026-02-12T00:08:45","[2026-02-12T00:08:45] 농산물 특가 5013원"
"2026-02-12T00:08:45","bench_room_3","PRICE_DOWN","","medium","70.0","2026-02-12T00:08:45","[2026-02-12T00:08:45] 농산물 특가 3772원"
"2026-02-12T00:08:45","bench_room_2","PRICE_DOWN","","medium","70.0","2026-02-12T00:08:45","[2026-02-12T00:08:45] 농산물 특가 7313원"
"2026-02-12T00:08:45","bench_room_6","PRICE_DOWN","","medium","70.0","2026-02-12T00:08:45","[2026-02-12T00:08:45] 농산물 특가 2109원"
"2026-02-12T00:08:45","bench_room_7","PRICE_DOWN","","medium","70.0","2026-02-12T00:08:45","[2026-02-12T00:08:45] 농산물 특가 5742원"
"2026-02-12T00:08:44","bench_room_0","PRICE_DOWN","","medium","70.0","2026-02-12T00:08:44","[2026-02-12T00:08:44] 농산물 특가 5203원"
"2026-02-12T00:08:44","bench_room_1","PRICE_DOWN","","medium","70.0","2026-02-12T00:08:44","[2026-02-12T00:08:44] 농산물 특가 5141원"
"2026-02-12T00:08:44","bench_room_4","PRICE_DOWN","","medium","70.0","2026-02-12T00:08:44","[2026-02-12T00:08:44] 농산물 특가 3718원"
"2026-02-12T00:08:44","bench_room_5","PRICE_DOWN","","medium","70.0","2026-02-12T00:08:44","[2026-02-12T00:08:44] 농산물 특가 9595원"
"2026-02-12T00:08:44","bench_room_2","PRICE_DOWN","","medium","70.0","2026-02-12T00:08:44","[2026-02-12T00:08:44] 농산물 특가 3833원"
"2026-02-12T00:08:44","bench_room_3","PRICE_DOWN","","medium","70.0","2026-02-12T00:08:44","[2026-02-12T00:08:44] 농산물 특가 5694원"
"2026-02-12T00:08:44","bench_room_6","PRICE_DOWN","","medium","70.0","2026-02-12T00:08:44","[2026-02-12T00:08:44] 농산물 특가 3104원"
"2026-02-12T00:08:44","bench_room_7","PRICE_DOWN","","medium","70.0","2026-02-12T00:08:44","[2026-02-12T00:08:44] 농산물 특가 6999원"
"2026-02-12T00:08:43","bench_room_0","PRICE_DOWN","","medium","70.0","2026-02-12T00:08:43","[2026-02-12T00:08:43] 농산물 특가 4538원"
"2026-02-12T00:08:43","bench_room_5","PRICE_DOWN","","medium","70.0","2026-02-12T00:08:43","[2026-02-12T00:08:43] 농산물 특가 3163원"
"2026-02-12T00:08:43","bench_room_1","PRICE_DOWN","","medium","70.0","2026-02-12T00:08:43","[2026-02-12T00:08:43] 농산물 특가 4716원"
"2026-02-12T00:08:43","bench_room_4","PRICE_DOWN","","medium","70.0","2026-02-12T00:08:43","[2026-02-12T00:08:43] 농산물 특가 9831원"
"2026-02-12T00:08:43","bench_room_2","PRICE_DOWN","","medium","70.0","2026-02-12T00:08:43","[2026-02-12T00:08:43] 농산물 특가 5787원"
"2026-02-12T00:08:42","bench_room_6","PRICE_DOWN","","medium","70.0","2026-02-12T00:08:42","[2026-02-12T00:08:42] 농산물 특가 5893원"
"2026-02-12T00:08:42","bench_room_3","PRICE_DOWN","","medium","70.0","2026-02-12T00:08:42","[2026-02-12T00:08:42] 농산물 특가 3202원"
"2026-02-12T00:08:42","bench_room_7","PRICE_DOWN","","medium","70.0","2026-02-12T00:08:42","[2026-02-12T00:08:42] 농산물 특가 6887원"
"2026-02-12T00:08:39","bench_room_0","PRICE_DOWN","","medium","70.0","2026-02-12T00:08:39","[2026-02-12T00:08:39] 농산물 특가 5544원"
"2026-02-12T00:08:39","bench_room_4","PRICE_DOWN","","medium","70.0","2026-02-12T00:08:39","[2026-02-12T00:08:39] 농산물 특가 9521원"
"2026-02-12T00:08:39","bench_room_5","PRICE_DOWN","","medium","70.0","2026-02-12T00:08:39","[2026-02-12T00:08:39] 농산물 특가 6430원"
"2026-02-12T00:08:39","bench_room_1","PRICE_DOWN","","medium","70.0","2026-02-12T00:08:39","[2026-02-12T00:08:39] 농산물 특가 8774원"
"2026-02-12T00:08:39","bench_room_2","PRICE_DOWN","","medium","70.0","2026-02-12T00:08:39","[2026-02-12T00:08:39] 농산물 특가 5707원"
"2026-02-12T00:08:39","bench_room_6","PRICE_DOWN","","medium","70.0","2026-02-12T00:08:39","[2026-02-12T00:08:39] 농산물 특가 9642원"
"2026-02-12T00:08:38","bench_room_3","PRICE_DOWN","","medium","70.0","2026-02-12T00:08:38","[2026-02-12T00:08:38] 농산물 특가 3541원"
"2026-02-12T00:08:38","bench_room_7","PRICE_DOWN","","medium","70.0","2026-02-12T00:08:38","[2026-02-12T00:08:38] 농산물 특가 6890원"
"2026-02-12T00:08:38","bench_room_0","PRICE_DOWN","","medium","70.0","2026-02-12T00:08:38","[2026-02-12T00:08:38] 농산물 특가 1372원"
"2026-02-12T00:08:38","bench_room_4","PRICE_DOWN","","medium","70.0","2026-02-12T00:08:38","[2026-02-12T00:08:38] 농산물 특가 2203원"
"2026-02-12T00:08:38","bench_room_2","PRICE_DOWN","","medium","70.0","2026-02-12T00:08:38","[2026-02-12T00:08:38] 농산물 특가 4209원"
"2026-02-12T00:08:38","bench_room_1","PRICE_DOWN","","medium","70.0","2026-02-12T00:08:38","[2026-02-12T00:08:38] 농산물 특가 6824원"
"2026-02-12T00:08:38","bench_room_6","PRICE_DOWN","","medium","70.0","2026-02-12T00:08:38","[2026-02-12T00:08:38] 농산물 특가 9813원"
"2026-02-12T00:08:38","bench_room_5","PRICE_DOWN","","medium","70.0","2026-02-12T00:08:38","[2026-02-12T00:08:38] 농산물 특가 5870원"
"2026-02-12T00:08:37","bench_room_3","PRICE_DOWN","","medium","70.0","2026-02-12T00:08:37","[2026-02-12T00:08:37] 농산물 특가 2624원"
"2026-02-12T00:08:36","bench_room_7","PRICE_DOWN","","medium","70.0","2026-02-12T00:08:36","[2026-02-12T00:08:36] 농산물 특가 1134원"
"2026-02-12T00:08:36","bench_room_0","PRICE_DOWN","","medium","70.0","2026-02-12T00:08:36","[2026-02-12T00:08:36] 농산물 특가 2636원"
"2026-02-12T00:08:36","bench_room_4","PRICE_DOWN","","medium","70.0","2026-02-12T00:08:36","[2026-02-12T00:08:36] 농산물 특가 7492원"
"2026-02-12T00:08:36","bench_room_1","PRICE_DOWN","","medium","70.0","2026-02-12T00:08:36","[2026-02-12T00:08:36] 농산물 특가 8963원"
"2026-02-12T00:08:36","bench_room_5","PRICE_DOWN","","medium","70.0","2026-02-12T00:08:36","[2026-02-12T00:08:36] 농산물 특가 3443원"
"2026-02-12T00:08:36","bench_room_6","PRICE_DOWN","","medium","70.0","2026-02-12T00:08:36","[2026-02-12T00:08:36] 농산물 특가 8756원"
"2026-02-12T00:08:36","bench_room_2","PRICE_DOWN","","medium","70.0","2026-02-12T00:08:36","[2026-02-12T00:08:36] 농산물 특가 1452원"
"2026-02-12T00:08:35","bench_room_3","PRICE_DOWN","","medium","70.0","2026-02-12T00:08:35","[2026-02-12T00:08:35] 농산물 특가 5636원"
"2026-02-12T00:08:35","bench_room_7","PRICE_DOWN","","medium","70.0","2026-02-12T00:08:35","[2026-02-12T00:08:35] 농산물 특가 5122원"
"2026-02-12T00:08:35","bench_room_4","PRICE_DOWN","","medium","70.0","2026-02-12T00:08:35","[2026-02-12T00:08:35] 농산물 특가 1529원"
"2026-02-12T00:08:35","bench_room_0","PRICE_DOWN","","medium","70.0","2026-02-12T00:08:35","[2026-02-12T00:08:35] 농산물 특가 9598원"
"2026-02-12T00:08:35","bench_room_1","PRICE_DOWN","","medium","70.0","2026-02-12T00:08:35","[2026-02-12T00:08:35] 농산물 특가 9687원"
"2026-02-12T00:08:35","bench_room_5","PRICE_DOWN","","medium","70.0","2026-02-12T00:08:35","[2026-02-12T00:08:35] 농산물 특가 4459원"
"2026-02-12T00:08:35","bench_room_6","PRICE_DOWN","","medium","70.0","2026-02-12T00:08:35","[2026-02-12T00:08:35] 농산물 특가 7091원"
"2026-02-12T00:08:35","bench_room_2","PRICE_DOWN","","medium","70.0","2026-02-12T00:08:35","[2026-02-12T00:08:35] 농산물 특가 7382원"
"2026-02-12T00:08:34","bench_room_3","PRICE_DOWN","","medium","70.0","2026-02-12T00:08:34","[2026-02-12T00:08:34] 농산물 특가 2223원"
"2026-02-12T00:08:34","bench_room_7","PRICE_DOWN","","medium","70.0","2026-02-12T00:08:34","[2026-02-12T00:08:34] 농산물 특가 7323원"
"2026-02-12T00:08:34","bench_room_4","PRICE_DOWN","","medium","70.0","2026-02-12T00:08:34","[2026-02-12T00:08:34] 농산물 특가 7012원"
"2026-02-12T00:08:34","bench_room_0","PRICE_DOWN","","medium","70.0","2026-02-12T00:08:34","[2026-02-12T00:08:34] 농산물 특가 9422원"
"2026-02-12T00:08:34","bench_room_1","PRICE_DOWN","","medium","70.0","2026-02-12T00:08:34","[2026-02-12T00:08:34] 농산물 특가 4012원"
"2026-02-12T00:08:34","bench_room_6","PRICE_DOWN","","medium","70.0","2026-02-12T00:08:34","[2026-02-12T00:08:34] 농산물 특가 8255원"
"2026-02-12T00:08:34","bench_room_2","PRICE_DOWN","","medium","70.0","2026-02-12T00:08:34","[2026-02-12T00:08:34] 농산물 특가 3489원"
"2026-02-12T00:08:34","bench_room_5","PRICE_DOWN","","medium","70.0","2026-02-12T00:08:34","[2026-02-12T00:08:34] 농산물 특가 2457원"
"2026-02-12T00:08:33","bench_room_3","PRICE_DOWN","","medium","70.0","2026-02-12T00:08:33","[2026-02-12T00:08:33] 농산물 특가 4308원"
"2026-02-12T00:08:33","bench_room_7","PRICE_DOWN","","medium","70.0","2026-02-12T00:08:33","[2026-02-12T00:08:33] 농산물 특가 2698원"
"2026-02-12T00:08:33","bench_room_4","PRICE_DOWN","","medium","70.0","2026-02-12T00:08:33","[2026-02-12T00:08:33] 농산물 특가 8524원"
"2026-02-12T00:08:33","bench_room_1","PRICE_DOWN","","medium","70.0","2026-02-12T00:08:33","[2026-02-12T00:08:33] 농산물 특가 9906원"
"2026-02-12T00:08:33","bench_room_0","PRICE_DOWN","","medium","70.0","2026-02-12T00:08:33","[2026-02-12T00:08:33] 농산물 특가 6880원"
"2026-02-12T00:08:32","bench_room_6","PRICE_DOWN","","medium","70.0","2026-02-12T00:08:32","[2026-02-12T00:08:32] 농산물 특가 7532원"
"2026-02-12T00:08:32","bench_room_2","PRICE_DOWN","","medium","70.0","2026-02-12T00:08:32","[2026-02-12T00:08:32] 농산물 특가 8636원"
"2026-02-12T00:08:32","bench_room_5","PRICE_DOWN","","medium","70.0","2026-02-12T00:08:32","[2026-02-12T00:08:32] 농산물 특가 6291원"
"2026-02-12T00:08:31","bench_room_0","PRICE_DOWN","","medium","70.0","2026-02-12T00:08:31","[2026-02-12T00:08:31] 농산물 특가 3025원"
"2026-02-12T00:08:31","bench_room_5","PRICE_DOWN","","medium","70.0","2026-02-12T00:08:31","[2026-02-12T00:08:31] 농산물 특가 3273원"
"2026-02-12T00:08:31","bench_room_7","PRICE_DOWN","","medium","70.0","2026-02-12T00:08:31","[2026-02-12T00:08:31] 농산물 특가 9111원"
"2026-02-12T00:08:31","bench_room_1","PRICE_DOWN","","medium","70.0","2026-02-12T00:08:31","[2026-02-12T00:08:31] 농산물 특가 7409원"
"2026-02-12T00:08:31","bench_room_6","PRICE_DOWN","","medium","70.0","2026-02-12T00:08:31","[2026-02-12T00:08:31] 농산물 특가 3962원"
"2026-02-12T00:08:31","bench_room_2","PRICE_DOWN","","medium","70.0","2026-02-12T00:08:31","[2026-02-12T00:08:31] 농산물 특가 4151원"
"2026-02-12T00:08:31","bench_room_4","PRICE_DOWN","","medium","70.0","2026-02-12T00:08:31","[2026-02-12T00:08:31] 농산물 특가 5963원"
"2026-02-12T00:08:31","bench_room_3","PRICE_DOWN","","medium","70.0","2026-02-12T00:08:31","[2026-02-12T00:08:31] 농산물 특가 8170원"
"2026-02-12T00:08:24","bench_room_3","PRICE_DOWN","","medium","70.0","2026-02-12T00:08:24","[2026-02-12T00:08:24] 농산물 특가 6626원"
"2026-02-12T00:08:24","bench_room_1","PRICE_DOWN","","medium","70.0","2026-02-12T00:08:24","[2026-02-12T00:08:24] 농산물 특가 7194원"
"2026-02-12T00:08:24","bench_room_2","PRICE_DOWN","","medium","70.0","2026-02-12T00:08:24","[2026-02-12T00:08:24] 농산물 특가 7217원"
"2026-02-12T00:08:24","bench_room_1","PRICE_DOWN","","medium","70.0","2026-02-12T00:08:24","[2026-02-12T00:08:24] 농산물 특가 8166원"
"2026-02-12T00:08:24","bench_room_3","PRICE_DOWN","","medium","70.0","2026-02-12T00:08:24","[2026-02-12T00:08:24] 농산물 특가 4555원"
"2026-02-12T00:08:24","bench_room_7","PRICE_DOWN","","medium","70.0","2026-02-12T00:08:24","[2026-02-12T00:08:24] 농산물 특가 8859원"
"2026-02-12T00:08:24","bench_room_2","PRICE_DOWN","","medium","70.0","2026-02-12T00:08:24","[2026-02-12T00:08:24] 농산물 특가 3891원"
"2026-02-12T00:08:24","bench_room_6","PRICE_DOWN","","medium","70.0","2026-02-12T00:08:24","[2026-02-12T00:08:24] 농산물 특가 3706원"
"2026-02-12T00:08:24","bench_room_5","PRICE_DOWN","","medium","70.0","2026-02-12T00:08:24","[2026-02-12T00:08:24] 농산물 특가 2174원"
"2026-02-12T00:08:24","bench_room_6","PRICE_DOWN","","medium","70.0","2026-02-12T00:08:24","[2026-02-12T00:08:24] 농산물 특가 1625원"
"2026-02-12T00:08:17","bench_room_3","PRICE_DOWN","","medium","70.0","2026-02-12T00:08:17","[2026-02-12T00:08:17] 농산물 특가 1234원"
"2026-02-12T00:08:17","bench_room_4","PRICE_DOWN","","medium","70.0","2026-02-12T00:08:17","[2026-02-12T00:08:17] 농산물 특가 7603원"
"2026-02-12T00:08:17","bench_room_6","PRICE_DOWN","","medium","70.0","2026-02-12T00:08:17","[2026-02-12T00:08:17] 농산물 특가 2802원"
"2026-02-12T00:08:17","bench_room_0","PRICE_DOWN","","medium","70.0","2026-02-12T00:08:17","[2026-02-12T00:08:17] 농산물 특가 6813원"
"2026-02-12T00:08:17","bench_room_5","PRICE_DOWN","","medium","70.0","2026-02-12T00:08:17","[2026-02-12T00:08:17] 농산물 특가 8374원"
"2026-02-12T00:08:17","bench_room_0","PRICE_DOWN","","medium","70.0","2026-02-12T00:08:17","[2026-02-12T00:08:17] 농산물 특가 4280원"
"2026-02-12T00:08:16","bench_room_2","PRICE_DOWN","","medium","70.0","2026-02-12T00:08:16","[2026-02-12T00:08:16] 농산물 특가 9528원"
"2026-02-12T00:08:16","bench_room_5","PRICE_DOWN","","medium","70.0","2026-02-12T00:08:16","[2026-02-12T00:08:16] 농산물 특가 8998원"
"2026-02-12T00:08:16","bench_room_4","PRICE_DOWN","","medium","70.0","2026-02-12T00:08:16","[2026-02-12T00:08:16] 농산물 특가 4083원"
"2026-02-12T00:08:16","bench_room_1","PRICE_DOWN","","medium","70.0","2026-02-12T00:08:16","[2026-02-12T00:08:16] 농산물 특가 7974원"
"2026-02-12T00:08:16","bench_room_7","PRICE_DOWN","","medium","70.0","2026-02-12T00:08:16","[2026-02-12T00:08:16] 농산물 특가 8542원"
"2026-02-12T00:08:16","bench_room_7","PRICE_DOWN","","medium","70.0","2026-02-12T00:08:16","[2026-02-12T00:08:16] 농산물 특가 6017원"
"2026-02-12T00:08:16","bench_room_4","PRICE_DOWN","","medium","70.0","2026-02-12T00:08:16","[2026-02-12T00:08:16] 농산물 특가 6535원"
"2026-02-12T00:08:16","bench_room_3","PRICE_DOWN","","medium","70.0","2026-02-12T00:08:16","[2026-02-12T00:08:16] 농산물 특가 9301원"
"2026-02-12T00:08:16","bench_room_0","PRICE_DOWN","","medium","70.0","2026-02-12T00:08:16","[2026-02-12T00:08:16] 농산물 특가 5076원"
"2026-02-12T00:08:16","bench_room_1","PRICE_DOWN","","medium","70.0","2026-02-12T00:08:16","[2026-02-12T00:08:16] 농산물 특가 2345원"
"2026-02-12T00:08:16","bench_room_2","PRICE_DOWN","","medium","70.0","2026-02-12T00:08:16","[2026-02-12T00:08:16] 농산물 특가 1208원"
"2026-02-12T00:08:16","bench_room_1","PRICE_DOWN","","medium","70.0","2026-02-12T00:08:16","[2026-02-12T00:08:16] 농산물 특가 2140원"
"2026-02-12T00:08:16","bench_room_7","PRICE_DOWN","","medium","70.0","2026-02-12T00:08:16","[2026-02-12T00:08:16] 농산물 특가 1313원"
"2026-02-12T00:08:16","bench_room_3","PRICE_DOWN","","medium","70.0","2026-02-12T00:08:16","[2026-02-12T00:08:16] 농산물 특가 1231원"
"2026-02-12T00:08:16","bench_room_2","PRICE_DOWN","","medium","70.0","2026-02-12T00:08:16","[2026-02-12T00:08:16] 농산물 특가 1047원"
"2026-02-12T00:08:16","bench_room_5","PRICE_DOWN","","medium","70.0","2026-02-12T00:08:16","[2026-02-12T00:08:16] 농산물 특가 4685원"
"2026-02-12T00:08:16","bench_room_6","PRICE_DOWN","","medium","70.0","2026-02-12T00:08:16","[2026-02-12T00:08:16] 농산물 특가 3562원"
"2026-02-12T00:08:16","bench_room_6","PRICE_DOWN","","medium","70.0","2026-02-12T00:08:16","[2026-02-12T00:08:16] 농산물 특가 9108원"
"2026-02-12T00:08:16","bench_room_3","PRICE_DOWN","","medium","70.0","2026-02-12T00:08:16","[2026-02-12T00:08:16] 농산물 특가 8459원"
"2026-02-12T00:08:16","bench_room_4","PRICE_DOWN","","medium","70.0","2026-02-12T00:08:16","[2026-02-12T00:08:16] 농산물 특가 4610원"
"2026-02-12T00:08:16","bench_room_6","PRICE_DOWN","","medium","70.0","2026-02-12T00:08:16","[2026-02-12T00:08:16] 농산물 특가 4071원"
"2026-02-12T00:08:16","bench_room_0","PRICE_DOWN","","medium","70.0","2026-02-12T00:08:16","[2026-02-12T00:08:16] 농산물 특가 2911원"
"2026-02-12T00:08:16","bench_room_5","PRICE_DOWN","","medium","70.0","2026-02-12T00:08:16","[2026-02-12T00:08:16] 농산물 특가 2931원"
"2026-02-12T00:08:15","bench_room_0","PRICE_DOWN","","medium","70.0","2026-02-12T00:08:15","[2026-02-12T00:08:15] 농산물 특가 7500원"
"2026-02-12T00:08:09","bench_room_2","PRICE_DOWN","","medium","70.0","2026-02-12T00:08:09","[2026-02-12T00:08:09] 농산물 특가 9735원"
"2026-02-12T00:08:09","bench_room_5","PRICE_DOWN","","medium","70.0","2026-02-12T00:08:09","[2026-02-12T00:08:09] 농산물 특가 8313원"
"2026-02-12T00:08:09","bench_room_4","PRICE_DOWN","","medium","70.0","2026-02-12T00:08:09","[2026-02-12T00:08:09] 농산물 특가 4175원"
"2026-02-12T00:08:09","bench_room_1","PRICE_DOWN","","medium","70.0","2026-02-12T00:08:09","[2026-02-12T00:08:09] 농산물 특가 6453원"
"2026-02-12T00:08:09","bench_room_7","PRICE_DOWN","","medium","70.0","2026-02-12T00:08:09","[2026-02-12T00:08:09] 농산물 특가 8638원"
"2026-02-12T00:08:08","bench_room_4","PRICE_DOWN","","medium","70.0","2026-02-12T00:08:08","[2026-02-12T00:08:08] 농산물 특가 1801원"
"2026-02-12T00:08:08","bench_room_7","PRICE_DOWN","","medium","70.0","2026-02-12T00:08:08","[2026-02-12T00:08:08] 농산물 특가 7144원"
"2026-02-12T00:08:08","bench_room_3","PRICE_DOWN","","medium","70.0","2026-02-12T00:08:08","[2026-02-12T00:08:08] 농산물 특가 4278원"
"2026-02-12T00:08:08","bench_room_1","PRICE_DOWN","","medium","70.0","2026-02-12T00:08:08","[2026-02-12T00:08:08] 농산물 특가 7200원"
"2026-02-12T00:08:08","bench_room_2","PRICE_DOWN","","medium","70.0","2026-02-12T00:08:08","[2026-02-12T00:08:08] 농산물 특가 9252원"
"2026-02-12T00:08:08","bench_room_0","PRICE_DOWN","","medium","70.0","2026-02-12T00:08:08","[2026-02-12T00:08:08] 농산물 특가 4508원"
"2026-02-12T00:08:08","bench_room_1","PRICE_DOWN","","medium","70.0","2026-02-12T00:08:08","[2026-02-12T00:08:08] 농산물 특가 6124원"
"2026-02-12T00:08:08","bench_room_2","PRICE_DOWN","","medium","70.0","2026-02-12T00:08:08","[2026-02-12T00:08:08] 농산물 특가 8496원"
"2026-02-12T00:08:08","bench_room_3","PRICE_DOWN","","medium","70.0","2026-02-12T00:08:08","[2026-02-12T00:08:08] 농산물 특가 2989원"
"2026-02-12T00:08:08","bench_room_7","PRICE_DOWN","","medium","70.0","2026-02-12T00:08:08","[2026-02-12T00:08:08] 농산물 특가 1454원"
"2026-02-12T00:08:08","bench_room_6","PRICE_DOWN","","medium","70.0","2026-02-12T00:08:08","[2026-02-12T00:08:08] 농산물 특가 9757원"
"2026-02-12T00:08:08","bench_room_3","PRICE_DOWN","","medium","70.0","2026-02-12T00:08:08","[2026-02-12T00:08:08] 농산물 특가 1939원"
"2026-02-12T00:08:08","bench_room_5","PRICE_DOWN","","medium","70.0","2026-02-12T00:08:08","[2026-02-12T00:08:08] 농산물 특가 2609원"
"2026-02-12T00:08:08","bench_room_4","PRICE_DOWN","","medium","70.0","2026-02-12T00:08:08","[2026-02-12T00:08:08] 농산물 특가 4242원"
"2026-02-12T00:08:08","bench_room_6","PRICE_DOWN","","medium","70.0","2026-02-12T00:08:08","[2026-02-12T00:08:08] 농산물 특가 9069원"
"2026-02-12T00:08:08","bench_room_6","PRICE_DOWN","","medium","70.0","2026-02-12T00:08:08","[2026-02-12T00:08:08] 농산물 특가 2924원"
"2026-02-12T00:08:08","bench_room_0","PRICE_DOWN","","medium","70.0","2026-02-12T00:08:08","[2026-02-12T00:08:08] 농산물 특가 7731원"
"2026-02-12T00:08:08","bench_room_0","PRICE_DOWN","","medium","70.0","2026-02-12T00:08:08","[2026-02-12T00:08:08] 농산물 특가 3107원"
"2026-02-12T00:08:08","bench_room_5","PRICE_DOWN","","medium","70.0","2026-02-12T00:08:08","[2026-02-12T00:08:08] 농산물 특가 7694원"
"2026-02-12T00:08:08","bench_room_2","PRICE_DOWN","","medium","70.0","2026-02-12T00:08:08","[2026-02-12T00:08:08] 농산물 특가 4391원"
"2026-02-12T00:08:08","bench_room_5","PRICE_DOWN","","medium","70.0","2026-02-12T00:08:08","[2026-02-12T00:08:08] 농산물 특가 4360원"
"2026-02-12T00:08:08","bench_room_4","PRICE_DOWN","","medium","70.0","2026-02-12T00:08:08","[2026-02-12T00:08:08] 농산물 특가 6512원"
"2026-02-12T00:08:08","bench_room_1","PRICE_DOWN","","medium","70.0","2026-02-12T00:08:08","[2026-02-12T00:08:08] 농산물 특가 2298원"
"2026-02-12T00:08:08","bench_room_7","PRICE_DOWN","","medium","70.0","2026-02-12T00:08:08","[2026-02-12T00:08:08] 농산물 특가 4603원"
"2026-02-12T00:08:01","bench_room_4","PRICE_DOWN","","medium","70.0","2026-02-12T00:08:01","[2026-02-12T00:08:01] 농산물 특가 3976원"
"2026-02-12T00:08:01","bench_room_3","PRICE_DOWN","","medium","70.0","2026-02-12T00:08:01","[2026-02-12T00:08:01] 농산물 특가 3971원"
"2026-02-12T00:08:01","bench_room_1","PRICE_DOWN","","medium","70.0","2026-02-12T00:08:01","[2026-02-12T00:08:01] 농산물 특가 5813원"
"2026-02-12T00:08:01","bench_room_7","PRICE_DOWN","","medium","70.0","2026-02-12T00:08:01","[2026-02-12T00:08:01] 농산물 특가 5527원"
"2026-02-12T00:08:01","bench_room_0","PRICE_DOWN","","medium","70.0","2026-02-12T00:08:01","[2026-02-12T00:08:01] 농산물 특가 4463원"
"2026-02-12T00:08:01","bench_room_2","PRICE_DOWN","","medium","70.0","2026-02-12T00:08:01","[2026-02-12T00:08:01] 농산물 특가 1926원"
"2026-02-12T00:08:00","bench_room_2","PRICE_DOWN","","medium","70.0","2026-02-12T00:08:00","[2026-02-12T00:08:00] 농산물 특가 1422원"
"2026-02-12T00:08:00","bench_room_1","PRICE_DOWN","","medium","70.0","2026-02-12T00:08:00","[2026-02-12T00:08:00] 농산물 특가 2906원"
"2026-02-12T00:08:00","bench_room_3","PRICE_DOWN","","medium","70.0","2026-02-12T00:08:00","[2026-02-12T00:08:00] 농산물 특가 3719원"
"2026-02-12T00:08:00","bench_room_6","PRICE_DOWN","","medium","70.0","2026-02-12T00:08:00","[2026-02-12T00:08:00] 농산물 특가 5551원"
"2026-02-12T00:08:00","bench_room_7","PRICE_DOWN","","medium","70.0","2026-02-12T00:08:00","[2026-02-12T00:08:00] 농산물 특가 6508원"
"2026-02-12T00:08:00","bench_room_5","PRICE_DOWN","","medium","70.0","2026-02-12T00:08:00","[2026-02-12T00:08:00] 농산물 특가 6716원"
"2026-02-12T00:08:00","bench_room_3","PRICE_DOWN","","medium","70.0","2026-02-12T00:08:00","[2026-02-12T00:08:00] 농산물 특가 3969원"
"2026-02-12T00:08:00","bench_room_6","PRICE_DOWN","","medium","70.0","2026-02-12T00:08:00","[2026-02-12T00:08:00] 농산물 특가 4135원"
"2026-02-12T00:08:00","bench_room_0","PRICE_DOWN","","medium","70.0","2026-02-12T00:08:00","[2026-02-12T00:08:00] 농산물 특가 2593원"
"2026-02-12T00:08:00","bench_room_4","PRICE_DOWN","","medium","70.0","2026-02-12T00:08:00","[2026-02-12T00:08:00] 농산물 특가 1319원"
"2026-02-12T00:08:00","bench_room_6","PRICE_DOWN","","medium","70.0","2026-02-12T00:08:00","[2026-02-12T00:08:00] 농산물 특가 6755원"
"2026-02-12T00:08:00","bench_room_0","PRICE_DOWN","","medium","70.0","2026-02-12T00:08:00","[2026-02-12T00:08:00] 농산물 특가 2467원"
"2026-02-12T00:08:00","bench_room_2","PRICE_DOWN","","medium","70.0","2026-02-12T00:08:00","[2026-02-12T00:08:00] 농산물 특가 3081원"
"2026-02-12T00:08:00","bench_room_5","PRICE_DOWN","","medium","70.0","2026-02-12T00:08:00","[2026-02-12T00:08:00] 농산물 특가 4614원"
"2026-02-12T00:08:00","bench_room_5","PRICE_DOWN","","medium","70.0","2026-02-12T00:08:00","[2026-02-12T00:08:00] 농산물 특가 6184원"
"2026-02-12T00:08:00","bench_room_4","PRICE_DOWN","","medium","70.0","2026-02-12T00:08:00","[2026-02-12T00:08:00] 농산물 특가 7105원"
"2026-02-12T00:08:00","bench_room_1","PRICE_DOWN","","medium","70.0","2026-02-12T00:08:00","[2026-02-12T00:08:00] 농산물 특가 5922원"
"2026-02-12T00:08:00","bench_room_4","PRICE_DOWN","","medium","70.0","2026-02-12T00:08:00","[2026-02-12T00:08:00] 농산물 특가 7769원"
"2026-02-12T00:08:00","bench_room_7","PRICE_DOWN","","medium","70.0","2026-02-12T00:08:00","[2026-02-12T00:08:00] 농산물 특가 2827원"
"2026-02-12T00:08:00","bench_room_3","PRICE_DOWN","","medium","70.0","2026-02-12T00:08:00","[2026-02-12T00:08:00] 농산물 특가 3019원"
"2026-02-12T00:08:00","bench_room_1","PRICE_DOWN","","medium","70.0","2026-02-12T00:08:00","[2026-02-12T00:08:00] 농산물 특가 5455원"
"2026-02-12T00:08:00","bench_room_7","PRICE_DOWN","","medium","70.0","2026-02-12T00:08:00","[2026-02-12T00:08:00] 농산물 특가 1286원"
"2026-02-12T00:08:00","bench_room_0","PRICE_DOWN","","medium","70.0","2026-02-12T00:08:00","[2026-02-12T00:08:00] 농산물 특가 8827원"
"2026-02-12T00:08:00","bench_room_2","PRICE_DOWN","","medium","70.0","2026-02-12T00:08:00","[2026-02-12T00:08:00] 농산물 특가 7368원"
"2026-02-12T00:07:58","bench_room_6","PRICE_DOWN","","medium","70.0","2026-02-12T00:07:58","[2026-02-12T00:07:58] 농산물 특가 4090원"
"2026-02-12T00:07:58","bench_room_3","PRICE_DOWN","","medium","70.0","2026-02-12T00:07:58","[2026-02-12T00:07:58] 농산물 특가 3045원"
"2026-02-12T00:07:58","bench_room_5","PRICE_DOWN","","medium","70.0","2026-02-12T00:07:58","[2026-02-12T00:07:58] 농산물 특가 7464원"
"2026-02-12T00:07:58","bench_room_2","PRICE_DOWN","","medium","70.0","2026-02-12T00:07:58","[2026-02-12T00:07:58] 농산물 특가 3130원"
"2026-02-12T00:07:58","bench_room_2","PRICE_DOWN","","medium","70.0","2026-02-12T00:07:58","[2026-02-12T00:07:58] 농산물 특가 6606원"
"2026-02-12T00:07:58","bench_room_1","PRICE_DOWN","","medium","70.0","2026-02-12T00:07:58","[2026-02-12T00:07:58] 농산물 특가 1058원"
"2026-02-12T00:07:58","bench_room_7","PRICE_DOWN","","medium","70.0","2026-02-12T00:07:58","[2026-02-12T00:07:58] 농산물 특가 1984원"
"2026-02-12T00:07:58","bench_room_5","PRICE_DOWN","","medium","70.0","2026-02-12T00:07:58","[2026-02-12T00:07:58] 농산물 특가 4230원"
"2026-02-12T00:07:58","bench_room_5","PRICE_DOWN","","medium","70.0","2026-02-12T00:07:58","[2026-02-12T00:07:58] 농산물 특가 4451원"
"2026-02-12T00:07:58","bench_room_6","PRICE_DOWN","","medium","70.0","2026-02-12T00:07:58","[2026-02-12T00:07:58] 농산물 특가 3439원"
"2026-02-12T00:07:58","bench_room_0","PRICE_DOWN","","medium","70.0","2026-02-12T00:07:58","[2026-02-12T00:07:58] 농산물 특가 5672원"
"2026-02-12T00:07:58","bench_room_0","PRICE_DOWN","","medium","70.0","2026-02-12T00:07:58","[2026-02-12T00:07:58] 농산물 특가 2096원"
"2026-02-12T00:07:58","bench_room_3","PRICE_DOWN","","medium","70.0","2026-02-12T00:07:58","[2026-02-12T00:07:58] 농산물 특가 6197원"
"2026-02-12T00:07:58","bench_room_7","PRICE_DOWN","","medium","70.0","2026-02-12T00:07:58","[2026-02-12T00:07:58] 농산물 특가 3167원"
"2026-02-12T00:07:58","bench_room_4","PRICE_DOWN","","medium","70.0","2026-02-12T00:07:58","[2026-02-12T00:07:58] 농산물 특가 9658원"
"2026-02-12T00:07:58","bench_room_2","PRICE_DOWN","","medium","70.0","2026-02-12T00:07:58","[2026-02-12T00:07:58] 농산물 특가 5309원"
"2026-02-12T00:07:58","bench_room_1","PRICE_DOWN","","medium","70.0","2026-02-12T00:07:58","[2026-02-12T00:07:58] 농산물 특가 5700원"
"2026-02-12T00:07:58","bench_room_4","PRICE_DOWN","","medium","70.0","2026-02-12T00:07:58","[2026-02-12T00:07:58] 농산물 특가 2745원"
"2026-02-12T00:07:58","bench_room_7","PRICE_DOWN","","medium","70.0","2026-02-12T00:07:58","[2026-02-12T00:07:58] 농산물 특가 7871원"
"2026-02-12T00:07:58","bench_room_6","PRICE_DOWN","","medium","70.0","2026-02-12T00:07:58","[2026-02-12T00:07:58] 농산물 특가 8402원"
"2026-02-12T00:07:58","bench_room_4","PRICE_DOWN","","medium","70.0","2026-02-12T00:07:58","[2026-02-12T00:07:58] 농산물 특가 7918원"
"2026-02-12T00:07:58","bench_room_0","PRICE_DOWN","","medium","70.0","2026-02-12T00:07:58","[2026-02-12T00:07:58] 농산물 특가 4796원"
"2026-02-12T00:07:58","bench_room_3","PRICE_DOWN","","medium","70.0","2026-02-12T00:07:58","[2026-02-12T00:07:58] 농산물 특가 3170원"
"2026-02-12T00:07:58","bench_room_1","PRICE_DOWN","","medium","70.0","2026-02-12T00:07:58","[2026-02-12T00:07:58] 농산물 특가 5939원"
"과일 농수산 위탁판매전문 셀러:벤더사:협력사환영","과일 농수산 위탁판매전문 셀러:벤더사:협력사환영","PRICE_DOWN","","medium","70.0","2026-02-11T23:38:56","❤️우측상단 > 삼단바 三 꾹❤️ 
커버보기 꾹 ❤️ 눌러주세요

💡공지사항 필독💡
➡️꼭 자세히 읽어주세요
자세한 안내사항 및 공급단가표
확인하실 수 있습니다 공지필독❗️

💡이 방은 공급방입니다💡
➡️홍보,광고글"
"UNKNOWN","과일 농수산 위탁판매전문 셀러:벤더사:협력사환영","PRICE_DOWN","","medium","70.0","2026-02-11T23:38:56","❤️우측상단 > 삼단바 三 꾹❤️ 
커버보기 꾹 ❤️ 눌러주세요

💡공지사항 필독💡
➡️꼭 자세히 읽어주세요
자세한 안내사항 및 공급단가표
확인하실 수 있습니다 공지필독❗️

💡이 방은 공급방입니다💡
➡️홍보,광고글"
"과일 농수산 위탁판매전문 셀러:벤더사:협력사환영","과일 농수산 위탁판매전문 셀러:벤더사:협력사환영","PRICE_DOWN","","medium","70.0","2026-02-11T23:22:36","❤️우측상단 > 삼단바 三 꾹❤️ 
커버보기 꾹 ❤️ 눌러주세요

💡공지사항 필독💡
➡️꼭 자세히 읽어주세요
자세한 안내사항 및 공급단가표
확인하실 수 있습니다 공지필독❗️

💡이 방은 공급방입니다💡
➡️홍보,광고글"
"UNKNOWN","과일 농수산 위탁판매전문 셀러:벤더사:협력사환영","PRICE_DOWN","","medium","70.0","2026-02-11T23:22:36","❤️우측상단 > 삼단바 三 꾹❤️ 
커버보기 꾹 ❤️ 눌러주세요

💡공지사항 필독💡
➡️꼭 자세히 읽어주세요
자세한 안내사항 및 공급단가표
확인하실 수 있습니다 공지필독❗️

💡이 방은 공급방입니다💡
➡️홍보,광고글"
"과일 농수산 위탁판매전문 셀러:벤더사:협력사환영","과일 농수산 위탁판매전문 셀러:벤더사:협력사환영","NOTICE","","low","40.0","2026-02-11T19:00:35","바쁘시더라도 공지는 꼭❗️필독 부탁드립니다"
"UNKNOWN","과일 농수산 위탁판매전문 셀러:벤더사:협력사환영","NOTICE","","low","40.0","2026-02-11T19:00:35","바쁘시더라도 공지는 꼭❗️필독 부탁드립니다"
"과일 농수산 위탁판매전문 셀러:벤더사:협력사환영","과일 농수산 위탁판매전문 셀러:벤더사:협력사환영","PRICE_DOWN","","medium","70.0","2026-02-11T18:33:37","❤️우측상단 > 삼단바 三 꾹❤️ 
커버보기 꾹 ❤️ 눌러주세요

💡공지사항 필독💡
➡️꼭 자세히 읽어주세요
자세한 안내사항 및 공급단가표
확인하실 수 있습니다 공지필독❗️

💡이 방은 공급방입니다💡
➡️홍보,광고글"
"과일 농수산 위탁판매전문 셀러:벤더사:협력사환영","과일 농수산 위탁판매전문 셀러:벤더사:협력사환영","PRICE_DOWN","","medium","70.0","2026-02-11T18:27:09","❤️우측상단 > 삼단바 三 꾹❤️ 
커버보기 꾹 ❤️ 눌러주세요

💡공지사항 필독💡
➡️꼭 자세히 읽어주세요
자세한 안내사항 및 공급단가표
확인하실 수 있습니다 공지필독❗️

💡이 방은 공급방입니다💡
➡️홍보,광고글"
"UNKNOWN","과일 농수산 위탁판매전문 셀러:벤더사:협력사환영","PRICE_DOWN","","medium","70.0","2026-02-11T18:27:09","❤️우측상단 > 삼단바 三 꾹❤️ 
커버보기 꾹 ❤️ 눌러주세요

💡공지사항 필독💡
➡️꼭 자세히 읽어주세요
자세한 안내사항 및 공급단가표
확인하실 수 있습니다 공지필독❗️

💡이 방은 공급방입니다💡
➡️홍보,광고글"
"신선마켓 위탁셀러","신선마켓 위탁셀러","NOTICE","","low","40.0","2026-02-11T18:25:59","[하트 ❤️ 한번씩 부탁드립니다~ 😊]

전체공개용 공급가표
https://docs.google.com/spreadsheets/d/1MlASbp0pmevURtHOe-j_LQpIdJuWLKQZfCoHtUOIvQE/ed"
"하트 ❤️ 한번씩 부탁드립니다~ 😊","신선마켓 위탁셀러","NOTICE","","low","40.0","2026-02-11T18:25:59","[하트 ❤️ 한번씩 부탁드립니다~ 😊]

전체공개용 공급가표
https://docs.google.com/spreadsheets/d/1MlASbp0pmevURtHOe-j_LQpIdJuWLKQZfCoHtUOIvQE/ed"
"과일판매 과일위탁 농산물 국산과일 수입과일  위탁문의","과일판매 과일위탁 농산물 국산과일 수입과일  위탁문의","PRICE_DOWN","","medium","70.0","2026-02-11T18:25:29","❤️우측상단 > 삼단바 三 꾹❤️ 
커버보기 꾹 ❤️ 눌러주세요

💡공지사항 필독💡
➡️꼭 자세히 읽어주세요
자세한 안내사항 및 공급단가표
확인하실 수 있습니다 공지필독❗️

💡이 방은 공급방입니다💡
➡️홍보,광고글"
"UNKNOWN","과일판매 과일위탁 농산물 국산과일 수입과일  위탁문의","PRICE_DOWN","","medium","70.0","2026-02-11T18:25:29","❤️우측상단 > 삼단바 三 꾹❤️ 
커버보기 꾹 ❤️ 눌러주세요

💡공지사항 필독💡
➡️꼭 자세히 읽어주세요
자세한 안내사항 및 공급단가표
확인하실 수 있습니다 공지필독❗️

💡이 방은 공급방입니다💡
➡️홍보,광고글"
"과일 농수산 위탁판매전문 셀러:벤더사:협력사환영","과일 농수산 위탁판매전문 셀러:벤더사:협력사환영","PRICE_UP","","high","80.0","2026-02-11T18:23:22","[0211 일일공지사항]
자세한 내용은 아래 링크를 참고하시고
판매에 어려움이 없도록 부탁드립니다.^^
.
🔺인상
✔️항공 직송 태국 골드망고 전옵션


🔗 [일일 공지사항 및 통합견적서 바로가기]
https://d"
"0211 일일공지사항","과일 농수산 위탁판매전문 셀러:벤더사:협력사환영","PRICE_UP","","high","80.0","2026-02-11T18:23:22","[0211 일일공지사항]
자세한 내용은 아래 링크를 참고하시고
판매에 어려움이 없도록 부탁드립니다.^^
.
🔺인상
✔️항공 직송 태국 골드망고 전옵션


🔗 [일일 공지사항 및 통합견적서 바로가기]
https://d"
"과일판매 과일위탁 농산물 국산과일 수입과일  위탁문의","과일판매 과일위탁 농산물 국산과일 수입과일  위탁문의","PRICE_UP","","high","80.0","2026-02-11T18:23:15","[0211 일일공지사항]
자세한 내용은 아래 링크를 참고하시고
판매에 어려움이 없도록 부탁드립니다.^^
.
🔺인상
✔️항공 직송 태국 골드망고 전옵션


🔗 [일일 공지사항 및 통합견적서 바로가기]
https://d"
"0211 일일공지사항","과일판매 과일위탁 농산물 국산과일 수입과일  위탁문의","PRICE_UP","","high","80.0","2026-02-11T18:23:15","[0211 일일공지사항]
자세한 내용은 아래 링크를 참고하시고
판매에 어려움이 없도록 부탁드립니다.^^
.
🔺인상
✔️항공 직송 태국 골드망고 전옵션


🔗 [일일 공지사항 및 통합견적서 바로가기]
https://d"
"팜허브 당일출고 위탁판매 초저가 과일 농수축산가공신선","팜허브 당일출고 위탁판매 초저가 과일 농수축산가공신선","PRICE_UP","","high","80.0","2026-02-11T18:10:50","#가격인상안내      
적용일: 2/11 발주 마감 이후      
      
세척감자      
      
세척감자 중 1kg   →   5,500
세척감자 중 2kg   →   6,800
세척감자 중 3kg"
"팜허브","팜허브 당일출고 위탁판매 초저가 과일 농수축산가공신선","PRICE_UP","","high","80.0","2026-02-11T18:10:50","#가격인상안내      
적용일: 2/11 발주 마감 이후      
      
세척감자      
      
세척감자 중 1kg   →   5,500
세척감자 중 2kg   →   6,800
세척감자 중 3kg"
"신선마켓 위탁셀러","신선마켓 위탁셀러","PRICE_UP","","high","80.0","2026-02-11T18:06:16","📌 20260211(수) 공지사항 📌

🟦 [신규상품] 0455 성주 참외
가정용 / 1kg / 소과 (5~7과)          10,200
가정용 / 1kg / 중과 (3~5과)          10,700
가정"
"신규상품","신선마켓 위탁셀러","NEW_ITEM","","low","45.0","2026-02-11T18:06:16","📌 20260211(수) 공지사항 📌

🟦 [신규상품] 0455 성주 참외
가정용 / 1kg / 소과 (5~7과)          10,200
가정용 / 1kg / 중과 (3~5과)          10,700
가정"
"과일 농수산 위탁판매전문 셀러:벤더사:협력사환영","과일 농수산 위탁판매전문 셀러:벤더사:협력사환영","NOTICE","","low","40.0","2026-02-11T17:51:58","[0211 일일공지사항]
자세한 내용은 아래 링크를 참고하시고
판매에 어려움이 없도록 부탁드립니다.^^

★내일 출고 가능합니다!!!!★
★내일 출고 가능합니다!!!!★
.
🔥슈퍼특가🔥
✔️[특가] 한정수량 단짠 대"
"0211 일일공지사항","과일 농수산 위탁판매전문 셀러:벤더사:협력사환영","PRICE_DOWN","","medium","70.0","2026-02-11T17:51:58","[0211 일일공지사항]
자세한 내용은 아래 링크를 참고하시고
판매에 어려움이 없도록 부탁드립니다.^^

★내일 출고 가능합니다!!!!★
★내일 출고 가능합니다!!!!★
.
🔥슈퍼특가🔥
✔️[특가] 한정수량 단짠 대"
"과일판매 과일위탁 농산물 국산과일 수입과일  위탁문의","과일판매 과일위탁 농산물 국산과일 수입과일  위탁문의","NOTICE","","low","40.0","2026-02-11T17:51:52","[0211 일일공지사항]
자세한 내용은 아래 링크를 참고하시고
판매에 어려움이 없도록 부탁드립니다.^^

★내일 출고 가능합니다!!!!★
★내일 출고 가능합니다!!!!★
.
🔥슈퍼특가🔥
✔️[특가] 한정수량 단짠 대"
"0211 일일공지사항","과일판매 과일위탁 농산물 국산과일 수입과일  위탁문의","PRICE_DOWN","","medium","70.0","2026-02-11T17:51:52","[0211 일일공지사항]
자세한 내용은 아래 링크를 참고하시고
판매에 어려움이 없도록 부탁드립니다.^^

★내일 출고 가능합니다!!!!★
★내일 출고 가능합니다!!!!★
.
🔥슈퍼특가🔥
✔️[특가] 한정수량 단짠 대"
"캄므커머스 셀러 모집방 농산 축산 수산 공산품 위탁공급","캄므커머스 셀러 모집방 농산 축산 수산 공산품 위탁공급","SOLD_OUT","","high","90.0","2026-02-11T17:41:04","[긴급] (골드망고) 관련 선물세트 / 일반 상품 전체  즉시품절

*품절시기 : 즉시
*품절 사유 : 골드망고 물량폭주로 인하여 빠른 소진으로 인한 품절
*잔여발주 마감시기 : 현재까지 들어온 주문건은 최대한 바로"
"긴급","캄므커머스 셀러 모집방 농산 축산 수산 공산품 위탁공급","SOLD_OUT","","high","90.0","2026-02-11T17:41:04","[긴급] (골드망고) 관련 선물세트 / 일반 상품 전체  즉시품절

*품절시기 : 즉시
*품절 사유 : 골드망고 물량폭주로 인하여 빠른 소진으로 인한 품절
*잔여발주 마감시기 : 현재까지 들어온 주문건은 최대한 바로"
"과일 농수산 위탁판매전문 셀러:벤더사:협력사환영","과일 농수산 위탁판매전문 셀러:벤더사:협력사환영","PRICE_UP","","high","80.0","2026-02-11T17:26:30","[0211 일일공지사항]
자세한 내용은 아래 링크를 참고하시고
판매에 어려움이 없도록 부탁드립니다.^^
.
🔺인상
✔️대추방울토마토 전옵션

📦택배출고 
✔️익일 냉이 출고 불가


🔗 [일일 공지사항 및 통합견적서"
"0211 일일공지사항","과일 농수산 위탁판매전문 셀러:벤더사:협력사환영","PRICE_UP","","high","80.0","2026-02-11T17:26:30","[0211 일일공지사항]
자세한 내용은 아래 링크를 참고하시고
판매에 어려움이 없도록 부탁드립니다.^^
.
🔺인상
✔️대추방울토마토 전옵션

📦택배출고 
✔️익일 냉이 출고 불가


🔗 [일일 공지사항 및 통합견적서"
"과일판매 과일위탁 농산물 국산과일 수입과일  위탁문의","과일판매 과일위탁 농산물 국산과일 수입과일  위탁문의","PRICE_UP","","high","80.0","2026-02-11T17:26:23","[0211 일일공지사항]
자세한 내용은 아래 링크를 참고하시고
판매에 어려움이 없도록 부탁드립니다.^^
.
🔺인상
✔️대추방울토마토 전옵션

📦택배출고 
✔️익일 냉이 출고 불가


🔗 [일일 공지사항 및 통합견적서"
"0211 일일공지사항","과일판매 과일위탁 농산물 국산과일 수입과일  위탁문의","PRICE_UP","","high","80.0","2026-02-11T17:26:23","[0211 일일공지사항]
자세한 내용은 아래 링크를 참고하시고
판매에 어려움이 없도록 부탁드립니다.^^
.
🔺인상
✔️대추방울토마토 전옵션

📦택배출고 
✔️익일 냉이 출고 불가


🔗 [일일 공지사항 및 통합견적서"
"과일 농수산 위탁판매전문 셀러:벤더사:협력사환영","과일 농수산 위탁판매전문 셀러:벤더사:협력사환영","NEW_ITEM","","low","45.0","2026-02-11T17:06:15","[0211 일일공지사항]
자세한 내용은 아래 링크를 참고하시고
판매에 어려움이 없도록 부탁드립니다.^^
.
📌신규오픈
✔️상주 건시곶감 500g 실속 (개당 28-80g 내외)   108190   ₩11,600   "
"0211 일일공지사항","과일 농수산 위탁판매전문 셀러:벤더사:협력사환영","NEW_ITEM","","low","45.0","2026-02-11T17:06:15","[0211 일일공지사항]
자세한 내용은 아래 링크를 참고하시고
판매에 어려움이 없도록 부탁드립니다.^^
.
📌신규오픈
✔️상주 건시곶감 500g 실속 (개당 28-80g 내외)   108190   ₩11,600   "
"과일판매 과일위탁 농산물 국산과일 수입과일  위탁문의","과일판매 과일위탁 농산물 국산과일 수입과일  위탁문의","NEW_ITEM","","low","45.0","2026-02-11T17:06:04","[0211 일일공지사항]
자세한 내용은 아래 링크를 참고하시고
판매에 어려움이 없도록 부탁드립니다.^^
.
📌신규오픈
✔️상주 건시곶감 500g 실속 (개당 28-80g 내외)   108190   ₩11,600   "
"0211 일일공지사항","과일판매 과일위탁 농산물 국산과일 수입과일  위탁문의","NEW_ITEM","","low","45.0","2026-02-11T17:06:04","[0211 일일공지사항]
자세한 내용은 아래 링크를 참고하시고
판매에 어려움이 없도록 부탁드립니다.^^
.
📌신규오픈
✔️상주 건시곶감 500g 실속 (개당 28-80g 내외)   108190   ₩11,600   "
"미출고 리스트","최고집 경북농산물유통센터 : B2B : 초보셀러환영","DELAY_NOTICE","","medium","75.0","2026-02-11T17:04:03","📢 금일(02/11) '최고집' [미출고 리스트] 업데이트 완료되었습니다!
'최고집'과 함께 해주셔서 감사드립니다! 🙇‍♀️🙇‍♀️🙇‍♀️

https://docs.google.com/spreadsheets/d/1B"
